seed,threshold,alloc,ret_pct,dd_pct,trades
300,0.58,0.998,-56.342003059999946,74.12659265813926,61
300,0.58,0.9998,-56.01544429999994,73.95013010942229,61
300,0.6,0.998,-56.342003059999946,74.12659265813926,61
300,0.6,0.9998,-56.01544429999994,73.95013010942229,61
300,0.62,0.998,-56.342003059999946,74.12659265813926,61
300,0.62,0.9998,-56.01544429999994,73.95013010942229,61
300,0.64,0.998,-56.342003059999946,74.12659265813926,61
300,0.64,0.9998,-56.01544429999994,73.95013010942229,61
305,0.58,0.998,23.88788589000006,38.96849997345743,64
305,0.58,0.9998,23.847885890000065,38.96849997345743,64
305,0.6,0.998,23.88788589000006,38.96849997345743,64
305,0.6,0.9998,23.847885890000065,38.96849997345743,64
305,0.62,0.998,23.88788589000006,38.96849997345743,64
305,0.62,0.9998,23.847885890000065,38.96849997345743,64
305,0.64,0.998,23.88788589000006,38.96849997345743,64
305,0.64,0.9998,23.847885890000065,38.96849997345743,64
310,0.58,0.998,-30.549881570000014,67.51774275000002,56
310,0.58,0.9998,-14.819881569999993,66.67774275000001,57
310,0.6,0.998,-30.549881570000014,67.51774275000002,56
310,0.6,0.9998,-14.819881569999993,66.67774275000001,57
310,0.62,0.998,-30.549881570000014,67.51774275000002,56
310,0.62,0.9998,-14.819881569999993,66.67774275000001,57
310,0.64,0.998,-30.549881570000014,67.51774275000002,56
310,0.64,0.9998,-14.819881569999993,66.67774275000001,57
315,0.58,0.998,17.588678410000004,46.0111247334947,66
315,0.58,0.9998,17.588678410000004,46.0111247334947,66
315,0.6,0.998,17.588678410000004,46.0111247334947,66
315,0.6,0.9998,17.588678410000004,46.0111247334947,66
315,0.62,0.998,17.588678410000004,46.0111247334947,66
315,0.62,0.9998,17.588678410000004,46.0111247334947,66
315,0.64,0.998,17.588678410000004,46.0111247334947,66
315,0.64,0.9998,17.588678410000004,46.0111247334947,66
320,0.58,0.998,-67.35825060999998,72.02825060999997,56
320,0.58,0.9998,-67.35825060999998,72.02825060999997,56
320,0.6,0.998,-67.35825060999998,72.02825060999997,56
320,0.6,0.9998,-67.35825060999998,72.02825060999997,56
320,0.62,0.998,-67.35825060999998,72.02825060999997,56
320,0.62,0.9998,-67.35825060999998,72.02825060999997,56
320,0.64,0.998,-67.35825060999998,72.02825060999997,56
320,0.64,0.9998,-67.35825060999998,72.02825060999997,56
325,0.58,0.998,-64.05182341000003,78.07179717113716,58
325,0.58,0.9998,-63.50925103,77.68053276359318,58
325,0.6,0.998,-64.05182341000003,78.07179717113716,58
325,0.6,0.9998,-63.50925103,77.68053276359318,58
325,0.62,0.998,-64.05182341000003,78.07179717113716,58
325,0.62,0.9998,-63.50925103,77.68053276359318,58
325,0.64,0.998,-64.05182341000003,78.07179717113716,58
325,0.64,0.9998,-63.50925103,77.68053276359318,58
330,0.58,0.998,-44.07841577999996,61.658415779999956,57
330,0.58,0.9998,-44.098415779999954,61.67841577999995,57
330,0.6,0.998,-44.07841577999996,61.658415779999956,57
330,0.6,0.9998,-44.098415779999954,61.67841577999995,57
330,0.62,0.998,-44.07841577999996,61.658415779999956,57
330,0.62,0.9998,-44.098415779999954,61.67841577999995,57
330,0.64,0.998,-44.07841577999996,61.658415779999956,57
330,0.64,0.9998,-44.098415779999954,61.67841577999995,57
335,0.58,0.998,28.987598450000007,32.97631399641454,57
335,0.58,0.9998,28.987598450000007,32.97631399641454,57
335,0.6,0.998,28.987598450000007,32.97631399641454,57
335,0.6,0.9998,28.987598450000007,32.97631399641454,57
335,0.62,0.998,28.987598450000007,32.97631399641454,57
335,0.62,0.9998,28.987598450000007,32.97631399641454,57
335,0.64,0.998,28.987598450000007,32.97631399641454,57
335,0.64,0.9998,28.987598450000007,32.97631399641454,57
340,0.58,0.998,-34.632708350000016,54.874481710000026,60
340,0.58,0.9998,-34.632708350000016,54.874481710000026,60
340,0.6,0.998,-34.632708350000016,54.874481710000026,60
340,0.6,0.9998,-34.632708350000016,54.874481710000026,60
340,0.62,0.998,-34.632708350000016,54.874481710000026,60
340,0.62,0.9998,-34.632708350000016,54.874481710000026,60
340,0.64,0.998,-34.632708350000016,54.874481710000026,60
340,0.64,0.9998,-34.632708350000016,54.874481710000026,60
345,0.58,0.998,9.673037299999955,40.14467840100305,59
345,0.58,0.9998,11.40380365,40.61040285934287,59
345,0.6,0.998,9.673037299999955,40.14467840100305,59
345,0.6,0.9998,11.40380365,40.61040285934287,59
345,0.62,0.998,9.673037299999955,40.14467840100305,59
345,0.62,0.9998,11.40380365,40.61040285934287,59
345,0.64,0.998,9.673037299999955,40.14467840100305,59
345,0.64,0.9998,11.40380365,40.61040285934287,59
350,0.58,0.998,127.15172274999995,38.563387075929775,62
350,0.58,0.9998,126.76172274999998,38.563387075929775,62
350,0.6,0.998,127.15172274999995,38.563387075929775,62
350,0.6,0.9998,126.76172274999998,38.563387075929775,62
350,0.62,0.998,127.15172274999995,38.563387075929775,62
350,0.62,0.9998,126.76172274999998,38.563387075929775,62
350,0.64,0.998,127.15172274999995,38.563387075929775,62
350,0.64,0.9998,126.76172274999998,38.563387075929775,62
355,0.58,0.998,-45.65137388000002,65.77854119632737,52
355,0.58,0.9998,-41.62254388000001,66.24989085999651,53
355,0.6,0.998,-45.65137388000002,65.77854119632737,52
355,0.6,0.9998,-41.62254388000001,66.24989085999651,53
355,0.62,0.998,-45.65137388000002,65.77854119632737,52
355,0.62,0.9998,-41.62254388000001,66.24989085999651,53
355,0.64,0.998,-45.65137388000002,65.77854119632737,52
355,0.64,0.9998,-41.62254388000001,66.24989085999651,53
360,0.58,0.998,76.35889265999991,46.01753932168926,63
360,0.58,0.9998,76.8388926599999,45.845268289623746,63
360,0.6,0.998,76.35889265999991,46.01753932168926,63
360,0.6,0.9998,76.8388926599999,45.845268289623746,63
360,0.62,0.998,76.35889265999991,46.01753932168926,63
360,0.62,0.9998,76.8388926599999,45.845268289623746,63
360,0.64,0.998,76.35889265999991,46.01753932168926,63
360,0.64,0.9998,76.8388926599999,45.845268289623746,63
365,0.58,0.998,-31.34426941000007,55.04512819343708,57
365,0.58,0.9998,-31.62426941000007,55.04512819343708,57
365,0.6,0.998,-31.34426941000007,55.04512819343708,57
365,0.6,0.9998,-31.62426941000007,55.04512819343708,57
365,0.62,0.998,-31.34426941000007,55.04512819343708,57
365,0.62,0.9998,-31.62426941000007,55.04512819343708,57
365,0.64,0.998,-31.34426941000007,55.04512819343708,57
365,0.64,0.9998,-31.62426941000007,55.04512819343708,57
370,0.58,0.998,-51.838309670000015,60.954156861406425,54
370,0.58,0.9998,-51.838309670000015,60.954156861406425,54
370,0.6,0.998,-51.838309670000015,60.954156861406425,54
370,0.6,0.9998,-51.838309670000015,60.954156861406425,54
370,0.62,0.998,-51.838309670000015,60.954156861406425,54
370,0.62,0.9998,-51.838309670000015,60.954156861406425,54
370,0.64,0.998,-51.838309670000015,60.954156861406425,54
370,0.64,0.9998,-51.838309670000015,60.954156861406425,54
375,0.58,0.998,-0.997093110000058,48.553271571561126,61
375,0.58,0.9998,-1.1470931100000636,48.553271571561126,61
375,0.6,0.998,-0.997093110000058,48.553271571561126,61
375,0.6,0.9998,-1.1470931100000636,48.553271571561126,61
375,0.62,0.998,-0.997093110000058,48.553271571561126,61
375,0.62,0.9998,-1.1470931100000636,48.553271571561126,61
375,0.64,0.998,-0.997093110000058,48.553271571561126,61
375,0.64,0.9998,-1.1470931100000636,48.553271571561126,61
380,0.58,0.998,-64.9239351899999,74.50026191246413,55
380,0.58,0.9998,-65.03251202999995,74.9720633996948,55
380,0.6,0.998,-64.9239351899999,74.50026191246413,55
380,0.6,0.9998,-65.03251202999995,74.9720633996948,55
380,0.62,0.998,-64.9239351899999,74.50026191246413,55
380,0.62,0.9998,-65.03251202999995,74.9720633996948,55
380,0.64,0.998,-64.9239351899999,74.50026191246413,55
380,0.64,0.9998,-65.03251202999995,74.9720633996948,55
385,0.58,0.998,140.94949864000003,40.53835159395581,64
385,0.58,0.9998,139.51651552000004,40.53835159395581,64
385,0.6,0.998,140.94949864000003,40.53835159395581,64
385,0.6,0.9998,139.51651552000004,40.53835159395581,64
385,0.62,0.998,140.94949864000003,40.53835159395581,64
385,0.62,0.9998,139.51651552000004,40.53835159395581,64
385,0.64,0.998,140.94949864000003,40.53835159395581,64
385,0.64,0.9998,139.51651552000004,40.53835159395581,64
390,0.58,0.998,141.80615366000012,39.29272599488926,61
390,0.58,0.9998,140.98615366000013,39.4394282835478,61
390,0.6,0.998,141.80615366000012,39.29272599488926,61
390,0.6,0.9998,140.98615366000013,39.4394282835478,61
390,0.62,0.998,141.80615366000012,39.29272599488926,61
390,0.62,0.9998,140.98615366000013,39.4394282835478,61
390,0.64,0.998,141.80615366000012,39.29272599488926,61
390,0.64,0.9998,140.98615366000013,39.4394282835478,61
395,0.58,0.998,-7.731160970000051,58.85039593447212,62
395,0.58,0.9998,-8.121160970000052,59.2399674058536,62
395,0.6,0.998,-7.731160970000051,58.85039593447212,62
395,0.6,0.9998,-8.121160970000052,59.2399674058536,62
395,0.62,0.998,-7.731160970000051,58.85039593447212,62
395,0.62,0.9998,-8.121160970000052,59.2399674058536,62
395,0.64,0.998,-7.731160970000051,58.85039593447212,62
395,0.64,0.9998,-8.121160970000052,59.2399674058536,62
400,0.58,0.998,-69.90113581,73.34024429583702,56
400,0.58,0.9998,-70.06113581,73.48196263064659,56
400,0.6,0.998,-69.90113581,73.34024429583702,56
400,0.6,0.9998,-70.06113581,73.48196263064659,56
400,0.62,0.998,-69.90113581,73.34024429583702,56
400,0.62,0.9998,-70.06113581,73.48196263064659,56
400,0.64,0.998,-69.90113581,73.34024429583702,56
400,0.64,0.9998,-70.06113581,73.48196263064659,56
405,0.58,0.998,-57.73594146999999,58.68388028424929,61
405,0.58,0.9998,-57.73594146999999,58.68388028424929,61
405,0.6,0.998,-57.73594146999999,58.68388028424929,61
405,0.6,0.9998,-57.73594146999999,58.68388028424929,61
405,0.62,0.998,-57.73594146999999,58.68388028424929,61
405,0.62,0.9998,-57.73594146999999,58.68388028424929,61
405,0.64,0.998,-57.73594146999999,58.68388028424929,61
405,0.64,0.9998,-57.73594146999999,58.68388028424929,61
410,0.58,0.998,-58.99853797999999,72.92803168888666,62
410,0.58,0.9998,-58.99853797999999,72.92803168888666,62
410,0.6,0.998,-58.99853797999999,72.92803168888666,62
410,0.6,0.9998,-58.99853797999999,72.92803168888666,62
410,0.62,0.998,-58.99853797999999,72.92803168888666,62
410,0.62,0.9998,-58.99853797999999,72.92803168888666,62
410,0.64,0.998,-58.99853797999999,72.92803168888666,62
410,0.64,0.9998,-58.99853797999999,72.92803168888666,62
415,0.58,0.998,63.071625649999994,51.92214810826471,62
415,0.58,0.9998,69.07485349000002,51.47132715206561,62
415,0.6,0.998,63.071625649999994,51.92214810826471,62
415,0.6,0.9998,69.07485349000002,51.47132715206561,62
415,0.62,0.998,63.071625649999994,51.92214810826471,62
415,0.62,0.9998,69.07485349000002,51.47132715206561,62
415,0.64,0.998,63.071625649999994,51.92214810826471,62
415,0.64,0.9998,69.07485349000002,51.47132715206561,62
420,0.58,0.998,-67.94780524999997,71.35301704568415,55
420,0.58,0.9998,-68.10780524999997,71.49601871244803,55
420,0.6,0.998,-67.94780524999997,71.35301704568415,55
420,0.6,0.9998,-68.10780524999997,71.49601871244803,55
420,0.62,0.998,-67.94780524999997,71.35301704568415,55
420,0.62,0.9998,-68.10780524999997,71.49601871244803,55
420,0.64,0.998,-67.94780524999997,71.35301704568415,55
420,0.64,0.9998,-68.10780524999997,71.49601871244803,55
425,0.58,0.998,-15.75742318999993,58.28432030550768,61
425,0.58,0.9998,-15.75742318999993,58.28432030550768,61
425,0.6,0.998,-15.75742318999993,58.28432030550768,61
425,0.6,0.9998,-15.75742318999993,58.28432030550768,61
425,0.62,0.998,-15.75742318999993,58.28432030550768,61
425,0.62,0.9998,-15.75742318999993,58.28432030550768,61
425,0.64,0.998,-15.75742318999993,58.28432030550768,61
425,0.64,0.9998,-15.75742318999993,58.28432030550768,61
430,0.58,0.998,-65.25962459000006,75.0098177856786,55
430,0.58,0.9998,-65.25962459000006,75.0098177856786,55
430,0.6,0.998,-65.25962459000006,75.0098177856786,55
430,0.6,0.9998,-65.25962459000006,75.0098177856786,55
430,0.62,0.998,-65.25962459000006,75.0098177856786,55
430,0.62,0.9998,-65.25962459000006,75.0098177856786,55
430,0.64,0.998,-65.25962459000006,75.0098177856786,55
430,0.64,0.9998,-65.25962459000006,75.0098177856786,55
435,0.58,0.998,-46.938665059999984,68.69244083757184,59
435,0.58,0.9998,-46.87866505999998,68.61378126695789,59
435,0.6,0.998,-46.938665059999984,68.69244083757184,59
435,0.6,0.9998,-46.87866505999998,68.61378126695789,59
435,0.62,0.998,-46.938665059999984,68.69244083757184,59
435,0.62,0.9998,-46.87866505999998,68.61378126695789,59
435,0.64,0.998,-46.938665059999984,68.69244083757184,59
435,0.64,0.9998,-46.87866505999998,68.61378126695789,59
440,0.58,0.998,3031.0355084647726,15.970330460477403,65
440,0.58,0.9998,3032.330230964772,16.01910595150687,65
440,0.6,0.998,3054.1691471339727,15.970330460477403,64
440,0.6,0.9998,3055.384797133972,16.01910595150687,64
440,0.62,0.998,3054.1691471339727,15.970330460477403,64
440,0.62,0.9998,3055.384797133972,16.01910595150687,64
440,0.64,0.998,3054.1691471339727,15.970330460477403,64
440,0.64,0.9998,3055.384797133972,16.01910595150687,64
445,0.58,0.998,-58.53131166999992,68.60694988205111,57
445,0.58,0.9998,-59.94131166999992,69.67436248777575,57
445,0.6,0.998,-58.53131166999992,68.60694988205111,57
445,0.6,0.9998,-59.94131166999992,69.67436248777575,57
445,0.62,0.998,-58.53131166999992,68.60694988205111,57
445,0.62,0.9998,-59.94131166999992,69.67436248777575,57
445,0.64,0.998,-58.53131166999992,68.60694988205111,57
445,0.64,0.9998,-59.94131166999992,69.67436248777575,57
450,0.58,0.998,-26.376350199999987,52.56627102550805,60
450,0.58,0.9998,-26.216350199999983,52.56627102550805,60
450,0.6,0.998,-26.376350199999987,52.56627102550805,60
450,0.6,0.9998,-26.216350199999983,52.56627102550805,60
450,0.62,0.998,-26.376350199999987,52.56627102550805,60
450,0.62,0.9998,-26.216350199999983,52.56627102550805,60
450,0.64,0.998,-26.376350199999987,52.56627102550805,60
450,0.64,0.9998,-26.216350199999983,52.56627102550805,60
455,0.58,0.998,-2.0263649300000575,49.70161557780435,63
455,0.58,0.9998,-2.0263649300000575,49.70161557780435,63
455,0.6,0.998,-2.0263649300000575,49.70161557780435,63
455,0.6,0.9998,-2.0263649300000575,49.70161557780435,63
455,0.62,0.998,-2.0263649300000575,49.70161557780435,63
455,0.62,0.9998,-2.0263649300000575,49.70161557780435,63
455,0.64,0.998,-2.0263649300000575,49.70161557780435,63
455,0.64,0.9998,-2.0263649300000575,49.70161557780435,63
460,0.58,0.998,178.00129448999996,22.361338795308345,56
460,0.58,0.9998,178.00129448999996,22.361338795308345,56
460,0.6,0.998,178.00129448999996,22.361338795308345,56
460,0.6,0.9998,178.00129448999996,22.361338795308345,56
460,0.62,0.998,178.00129448999996,22.361338795308345,56
460,0.62,0.9998,178.00129448999996,22.361338795308345,56
460,0.64,0.998,178.00129448999996,22.361338795308345,56
460,0.64,0.9998,178.00129448999996,22.361338795308345,56
465,0.58,0.998,9.135807419999974,48.59237350797222,61
465,0.58,0.9998,9.135807419999974,48.59237350797222,61
465,0.6,0.998,9.135807419999974,48.59237350797222,61
465,0.6,0.9998,9.135807419999974,48.59237350797222,61
465,0.62,0.998,9.135807419999974,48.59237350797222,61
465,0.62,0.9998,9.135807419999974,48.59237350797222,61
465,0.64,0.998,9.135807419999974,48.59237350797222,61
465,0.64,0.9998,9.135807419999974,48.59237350797222,61
470,0.58,0.998,-74.39755889000004,75.64892015893872,58
470,0.58,0.9998,-74.19893920000004,75.45971272337404,58
470,0.6,0.998,-74.39755889000004,75.64892015893872,58
470,0.6,0.9998,-74.19893920000004,75.45971272337404,58
470,0.62,0.998,-74.39755889000004,75.64892015893872,58
470,0.62,0.9998,-74.19893920000004,75.45971272337404,58
470,0.64,0.998,-74.39755889000004,75.64892015893872,58
470,0.64,0.9998,-74.19893920000004,75.45971272337404,58
475,0.58,0.998,-32.61868717000004,51.3278373941595,62
475,0.58,0.9998,-33.41868717000004,51.17224794972165,62
475,0.6,0.998,-32.61868717000004,51.3278373941595,62
475,0.6,0.9998,-33.41868717000004,51.17224794972165,62
475,0.62,0.998,-32.61868717000004,51.3278373941595,62
475,0.62,0.9998,-33.41868717000004,51.17224794972165,62
475,0.64,0.998,-32.61868717000004,51.3278373941595,62
475,0.64,0.9998,-33.41868717000004,51.17224794972165,62
480,0.58,0.998,-71.31746652,72.31746652,56
480,0.58,0.9998,-71.31746652,72.31746652,56
480,0.6,0.998,-71.31746652,72.31746652,56
480,0.6,0.9998,-71.31746652,72.31746652,56
480,0.62,0.998,-71.31746652,72.31746652,56
480,0.62,0.9998,-71.31746652,72.31746652,56
480,0.64,0.998,-71.31746652,72.31746652,56
480,0.64,0.9998,-71.31746652,72.31746652,56
485,0.58,0.998,-28.513876449999877,49.517579459124356,59
485,0.58,0.9998,-28.513876449999877,49.517579459124356,59
485,0.6,0.998,-28.513876449999877,49.517579459124356,59
485,0.6,0.9998,-28.513876449999877,49.517579459124356,59
485,0.62,0.998,-28.513876449999877,49.517579459124356,59
485,0.62,0.9998,-28.513876449999877,49.517579459124356,59
485,0.64,0.998,-28.513876449999877,49.517579459124356,59
485,0.64,0.9998,-28.513876449999877,49.517579459124356,59
490,0.58,0.998,-75.8308864,78.63720577411611,56
490,0.58,0.9998,-75.92088639999999,78.71940861058143,56
490,0.6,0.998,-75.8308864,78.63720577411611,56
490,0.6,0.9998,-75.92088639999999,78.71940861058143,56
490,0.62,0.998,-75.8308864,78.63720577411611,56
490,0.62,0.9998,-75.92088639999999,78.71940861058143,56
490,0.64,0.998,-75.8308864,78.63720577411611,56
490,0.64,0.9998,-75.92088639999999,78.71940861058143,56
495,0.58,0.998,-9.460155846557539,73.82512124543746,56
495,0.58,0.9998,-9.65015584655754,73.8139924458765,56
495,0.6,0.998,-9.460155846557539,73.82512124543746,56
495,0.6,0.9998,-9.65015584655754,73.8139924458765,56
495,0.62,0.998,-9.460155846557539,73.82512124543746,56
495,0.62,0.9998,-9.65015584655754,73.8139924458765,56
495,0.64,0.998,-9.460155846557539,73.82512124543746,56
495,0.64,0.9998,-9.65015584655754,73.8139924458765,56
500,0.58,0.998,33.6322621499999,41.4836404133854,64
500,0.58,0.9998,33.56226214999989,41.4836404133854,64
500,0.6,0.998,33.6322621499999,41.4836404133854,64
500,0.6,0.9998,33.56226214999989,41.4836404133854,64
500,0.62,0.998,33.6322621499999,41.4836404133854,64
500,0.62,0.9998,33.56226214999989,41.4836404133854,64
500,0.64,0.998,33.6322621499999,41.4836404133854,64
500,0.64,0.9998,33.56226214999989,41.4836404133854,64
505,0.58,0.998,-65.85957065000002,73.59898805000002,58
505,0.58,0.9998,-65.85957065000002,73.59898805000002,58
505,0.6,0.998,-65.85957065000002,73.59898805000002,58
505,0.6,0.9998,-65.85957065000002,73.59898805000002,58
505,0.62,0.998,-65.85957065000002,73.59898805000002,58
505,0.62,0.9998,-65.85957065000002,73.59898805000002,58
505,0.64,0.998,-65.85957065000002,73.59898805000002,58
505,0.64,0.9998,-65.85957065000002,73.59898805000002,58
510,0.58,0.998,-58.63773085999999,68.12575425608807,62
510,0.58,0.9998,-58.63773085999999,68.12575425608807,62
510,0.6,0.998,-58.63773085999999,68.12575425608807,62
510,0.6,0.9998,-58.63773085999999,68.12575425608807,62
510,0.62,0.998,-58.63773085999999,68.12575425608807,62
510,0.62,0.9998,-58.63773085999999,68.12575425608807,62
510,0.64,0.998,-58.63773085999999,68.12575425608807,62
510,0.64,0.9998,-58.63773085999999,68.12575425608807,62
515,0.58,0.998,-72.95325234000002,77.26839990329756,55
515,0.58,0.9998,-72.95325234000002,77.26839990329756,55
515,0.6,0.998,-72.95325234000002,77.26839990329756,55
515,0.6,0.9998,-72.95325234000002,77.26839990329756,55
515,0.62,0.998,-72.95325234000002,77.26839990329756,55
515,0.62,0.9998,-72.95325234000002,77.26839990329756,55
515,0.64,0.998,-72.95325234000002,77.26839990329756,55
515,0.64,0.9998,-72.95325234000002,77.26839990329756,55
520,0.58,0.998,9.77774142000003,42.27853847565279,56
520,0.58,0.9998,9.698729100000026,42.30370681362138,56
520,0.6,0.998,9.77774142000003,42.27853847565279,56
520,0.6,0.9998,9.698729100000026,42.30370681362138,56
520,0.62,0.998,9.77774142000003,42.27853847565279,56
520,0.62,0.9998,9.698729100000026,42.30370681362138,56
520,0.64,0.998,9.77774142000003,42.27853847565279,56
520,0.64,0.9998,9.698729100000026,42.30370681362138,56
525,0.58,0.998,-36.69817327000005,71.739289669974,62
525,0.58,0.9998,-36.69817327000005,71.739289669974,62
525,0.6,0.998,-36.69817327000005,71.739289669974,62
525,0.6,0.9998,-36.69817327000005,71.739289669974,62
525,0.62,0.998,-36.69817327000005,71.739289669974,62
525,0.62,0.9998,-36.69817327000005,71.739289669974,62
525,0.64,0.998,-36.69817327000005,71.739289669974,62
525,0.64,0.9998,-36.69817327000005,71.739289669974,62
530,0.58,0.998,42.47861595,32.798206544434485,58
530,0.58,0.9998,42.47861595,32.798206544434485,58
530,0.6,0.998,42.47861595,32.798206544434485,58
530,0.6,0.9998,42.47861595,32.798206544434485,58
530,0.62,0.998,42.47861595,32.798206544434485,58
530,0.62,0.9998,42.47861595,32.798206544434485,58
530,0.64,0.998,42.47861595,32.798206544434485,58
530,0.64,0.9998,42.47861595,32.798206544434485,58
535,0.58,0.998,-64.18001936000006,69.6462545159107,57
535,0.58,0.9998,-64.14046300000007,69.6082822066488,57
535,0.6,0.998,-64.18001936000006,69.6462545159107,57
535,0.6,0.9998,-64.14046300000007,69.6082822066488,57
535,0.62,0.998,-64.18001936000006,69.6462545159107,57
535,0.62,0.9998,-64.14046300000007,69.6082822066488,57
535,0.64,0.998,-64.18001936000006,69.6462545159107,57
535,0.64,0.9998,-64.14046300000007,69.6082822066488,57
540,0.58,0.998,8.358704510000026,62.31339470592542,67
540,0.58,0.9998,8.358704510000026,62.31339470592542,67
540,0.6,0.998,8.358704510000026,62.31339470592542,67
540,0.6,0.9998,8.358704510000026,62.31339470592542,67
540,0.62,0.998,8.358704510000026,62.31339470592542,67
540,0.62,0.9998,8.358704510000026,62.31339470592542,67
540,0.64,0.998,8.358704510000026,62.31339470592542,67
540,0.64,0.9998,8.358704510000026,62.31339470592542,67
545,0.58,0.998,75.34776876,48.338586202889914,56
545,0.58,0.9998,75.29776876000001,48.495307986905026,56
545,0.6,0.998,75.34776876,48.338586202889914,56
545,0.6,0.9998,75.29776876000001,48.495307986905026,56
545,0.62,0.998,75.34776876,48.338586202889914,56
545,0.62,0.9998,75.29776876000001,48.495307986905026,56
545,0.64,0.998,75.34776876,48.338586202889914,56
545,0.64,0.9998,75.29776876000001,48.495307986905026,56
550,0.58,0.998,-63.60017001,65.57815736999999,58
550,0.58,0.9998,-64.35017001000001,66.32815736999999,58
550,0.6,0.998,-63.60017001,65.57815736999999,58
550,0.6,0.9998,-64.35017001000001,66.32815736999999,58
550,0.62,0.998,-63.60017001,65.57815736999999,58
550,0.62,0.9998,-64.35017001000001,66.32815736999999,58
550,0.64,0.998,-63.60017001,65.57815736999999,58
550,0.64,0.9998,-64.35017001000001,66.32815736999999,58
555,0.58,0.998,7.5403738200000126,51.58372769052817,63
555,0.58,0.9998,7.400373820000028,51.771817279722434,63
555,0.6,0.998,7.5403738200000126,51.58372769052817,63
555,0.6,0.9998,7.400373820000028,51.771817279722434,63
555,0.62,0.998,7.5403738200000126,51.58372769052817,63
555,0.62,0.9998,7.400373820000028,51.771817279722434,63
555,0.64,0.998,7.5403738200000126,51.58372769052817,63
555,0.64,0.9998,7.400373820000028,51.771817279722434,63
560,0.58,0.998,-29.080294039999977,42.923093336048595,55
560,0.58,0.9998,-28.930294039999982,42.86610554389868,55
560,0.6,0.998,-29.080294039999977,42.923093336048595,55
560,0.6,0.9998,-28.930294039999982,42.86610554389868,55
560,0.62,0.998,-29.080294039999977,42.923093336048595,55
560,0.62,0.9998,-28.930294039999982,42.86610554389868,55
560,0.64,0.998,-29.080294039999977,42.923093336048595,55
560,0.64,0.9998,-28.930294039999982,42.86610554389868,55
565,0.58,0.998,-27.559691350000026,62.58344896973227,61
565,0.58,0.9998,-27.04819884999996,62.299709938571425,61
565,0.6,0.998,-27.559691350000026,62.58344896973227,61
565,0.6,0.9998,-27.04819884999996,62.299709938571425,61
565,0.62,0.998,-27.559691350000026,62.58344896973227,61
565,0.62,0.9998,-27.04819884999996,62.299709938571425,61
565,0.64,0.998,-27.559691350000026,62.58344896973227,61
565,0.64,0.9998,-27.04819884999996,62.299709938571425,61
570,0.58,0.998,0.07027545999997997,46.28840366516131,58
570,0.58,0.9998,-0.6897245400000251,47.00533249206004,58
570,0.6,0.998,0.07027545999997997,46.28840366516131,58
570,0.6,0.9998,-0.6897245400000251,47.00533249206004,58
570,0.62,0.998,0.07027545999997997,46.28840366516131,58
570,0.62,0.9998,-0.6897245400000251,47.00533249206004,58
570,0.64,0.998,0.07027545999997997,46.28840366516131,58
570,0.64,0.9998,-0.6897245400000251,47.00533249206004,58
575,0.58,0.998,-70.01997186999998,70.03215151086718,56
575,0.58,0.9998,-70.76997186999996,70.78184681700196,56
575,0.6,0.998,-70.01997186999998,70.03215151086718,56
575,0.6,0.9998,-70.76997186999996,70.78184681700196,56
575,0.62,0.998,-70.01997186999998,70.03215151086718,56
575,0.62,0.9998,-70.76997186999996,70.78184681700196,56
575,0.64,0.998,-70.01997186999998,70.03215151086718,56
575,0.64,0.9998,-70.76997186999996,70.78184681700196,56
580,0.58,0.998,-11.063266259999981,44.01070148137015,57
580,0.58,0.9998,-10.933266259999986,44.01070148137015,57
580,0.6,0.998,-11.063266259999981,44.01070148137015,57
580,0.6,0.9998,-10.933266259999986,44.01070148137015,57
580,0.62,0.998,-11.063266259999981,44.01070148137015,57
580,0.62,0.9998,-10.933266259999986,44.01070148137015,57
580,0.64,0.998,-11.063266259999981,44.01070148137015,57
580,0.64,0.9998,-10.933266259999986,44.01070148137015,57
585,0.58,0.998,-59.69830768999997,74.0186601062669,56
585,0.58,0.9998,-63.648307689999974,75.00079119360424,56
585,0.6,0.998,-59.69830768999997,74.0186601062669,56
585,0.6,0.9998,-63.648307689999974,75.00079119360424,56
585,0.62,0.998,-59.69830768999997,74.0186601062669,56
585,0.62,0.9998,-63.648307689999974,75.00079119360424,56
585,0.64,0.998,-59.69830768999997,74.0186601062669,56
585,0.64,0.9998,-63.648307689999974,75.00079119360424,56
590,0.58,0.998,-47.95445041000001,58.90224745,59
590,0.58,0.9998,-47.95445041000001,58.90224745,59
590,0.6,0.998,-47.95445041000001,58.90224745,59
590,0.6,0.9998,-47.95445041000001,58.90224745,59
590,0.62,0.998,-47.95445041000001,58.90224745,59
590,0.62,0.9998,-47.95445041000001,58.90224745,59
590,0.64,0.998,-47.95445041000001,58.90224745,59
590,0.64,0.9998,-47.95445041000001,58.90224745,59
595,0.58,0.998,-83.05834053000004,83.73834053000004,53
595,0.58,0.9998,-83.05834053000004,83.73834053000004,53
595,0.6,0.998,-83.05834053000004,83.73834053000004,53
595,0.6,0.9998,-83.05834053000004,83.73834053000004,53
595,0.62,0.998,-83.05834053000004,83.73834053000004,53
595,0.62,0.9998,-83.05834053000004,83.73834053000004,53
595,0.64,0.998,-83.05834053000004,83.73834053000004,53
595,0.64,0.9998,-83.05834053000004,83.73834053000004,53
600,0.58,0.998,126.72954988999989,50.746539070000004,64
600,0.58,0.9998,125.94784238999988,50.746539070000004,64
600,0.6,0.998,126.72954988999989,50.746539070000004,64
600,0.6,0.9998,125.94784238999988,50.746539070000004,64
600,0.62,0.998,126.72954988999989,50.746539070000004,64
600,0.62,0.9998,125.94784238999988,50.746539070000004,64
600,0.64,0.998,126.72954988999989,50.746539070000004,64
600,0.64,0.9998,125.94784238999988,50.746539070000004,64
