top_k,threshold,alloc,gap_min,gap_max,ret_pct,dd_pct,trades
1,0.55,0.95,-0.001,0.0255,362.7195568342,15.773147823902844,43
1,0.55,0.95,-0.001,0.0265,337.1365226713501,18.707257039806567,44
1,0.55,0.95,-0.001,0.0275,337.1365226713501,18.707257039806567,44
1,0.55,0.95,-0.0005,0.0255,362.7195568342,15.773147823902844,43
1,0.55,0.95,-0.0005,0.0265,337.1365226713501,18.707257039806567,44
1,0.55,0.95,-0.0005,0.0275,337.1365226713501,18.707257039806567,44
1,0.55,0.95,0.0,0.0255,362.7195568342,15.773147823902844,43
1,0.55,0.95,0.0,0.0265,337.1365226713501,18.707257039806567,44
1,0.55,0.95,0.0,0.0275,337.1365226713501,18.707257039806567,44
1,0.55,0.98,-0.001,0.0255,384.96448735704985,17.152715559651853,43
1,0.55,0.98,-0.001,0.0265,359.7367756941998,19.356848090433882,44
1,0.55,0.98,-0.001,0.0275,359.7367756941998,19.356848090433882,44
1,0.55,0.98,-0.0005,0.0255,384.96448735704985,17.152715559651853,43
1,0.55,0.98,-0.0005,0.0265,359.7367756941998,19.356848090433882,44
1,0.55,0.98,-0.0005,0.0275,359.7367756941998,19.356848090433882,44
1,0.55,0.98,0.0,0.0255,384.96448735704985,17.152715559651853,43
1,0.55,0.98,0.0,0.0265,359.7367756941998,19.356848090433882,44
1,0.55,0.98,0.0,0.0275,359.7367756941998,19.356848090433882,44
1,0.55,0.995,-0.001,0.0255,388.04389735704996,17.12599819941632,43
1,0.55,0.995,-0.001,0.0265,363.9888198570498,19.798067563533913,44
1,0.55,0.995,-0.001,0.0275,363.9888198570498,19.798067563533913,44
1,0.55,0.995,-0.0005,0.0255,388.04389735704996,17.12599819941632,43
1,0.55,0.995,-0.0005,0.0265,363.9888198570498,19.798067563533913,44
1,0.55,0.995,-0.0005,0.0275,363.9888198570498,19.798067563533913,44
1,0.55,0.995,0.0,0.0255,388.04389735704996,17.12599819941632,43
1,0.55,0.995,0.0,0.0265,363.9888198570498,19.798067563533913,44
1,0.55,0.995,0.0,0.0275,363.9888198570498,19.798067563533913,44
1,0.55,0.998,-0.001,0.0255,390.1285548570498,17.12599819941632,43
1,0.55,0.998,-0.001,0.0265,365.36823985704973,19.819053365067397,44
1,0.55,0.998,-0.001,0.0275,365.36823985704973,19.819053365067397,44
1,0.55,0.998,-0.0005,0.0255,390.1285548570498,17.12599819941632,43
1,0.55,0.998,-0.0005,0.0265,365.36823985704973,19.819053365067397,44
1,0.55,0.998,-0.0005,0.0275,365.36823985704973,19.819053365067397,44
1,0.55,0.998,0.0,0.0255,390.1285548570498,17.12599819941632,43
1,0.55,0.998,0.0,0.0265,365.36823985704973,19.819053365067397,44
1,0.55,0.998,0.0,0.0275,365.36823985704973,19.819053365067397,44
1,0.55,0.9998,-0.001,0.0255,390.58229485704976,17.12599819941632,43
1,0.55,0.9998,-0.001,0.0265,365.4670598570498,19.819053365067397,44
1,0.55,0.9998,-0.001,0.0275,365.4670598570498,19.819053365067397,44
1,0.55,0.9998,-0.0005,0.0255,390.58229485704976,17.12599819941632,43
1,0.55,0.9998,-0.0005,0.0265,365.4670598570498,19.819053365067397,44
1,0.55,0.9998,-0.0005,0.0275,365.4670598570498,19.819053365067397,44
1,0.55,0.9998,0.0,0.0255,390.58229485704976,17.12599819941632,43
1,0.55,0.9998,0.0,0.0265,365.4670598570498,19.819053365067397,44
1,0.55,0.9998,0.0,0.0275,365.4670598570498,19.819053365067397,44
1,0.6,0.95,-0.001,0.0255,365.37723687999994,15.773147823902844,42
1,0.6,0.95,-0.001,0.0265,340.26764188000004,18.707257039806567,43
1,0.6,0.95,-0.001,0.0275,340.26764188000004,18.707257039806567,43
1,0.6,0.95,-0.0005,0.0255,365.37723687999994,15.773147823902844,42
1,0.6,0.95,-0.0005,0.0265,340.26764188000004,18.707257039806567,43
1,0.6,0.95,-0.0005,0.0275,340.26764188000004,18.707257039806567,43
1,0.6,0.95,0.0,0.0255,365.37723687999994,15.773147823902844,42
1,0.6,0.95,0.0,0.0265,340.26764188000004,18.707257039806567,43
1,0.6,0.95,0.0,0.0275,340.26764188000004,18.707257039806567,43
1,0.6,0.98,-0.001,0.0255,387.8354057399998,17.152715559651853,42
1,0.6,0.98,-0.001,0.0265,362.3944557399999,19.356848090433882,43
1,0.6,0.98,-0.001,0.0275,362.3944557399999,19.356848090433882,43
1,0.6,0.98,-0.0005,0.0255,387.8354057399998,17.152715559651853,42
1,0.6,0.98,-0.0005,0.0265,362.3944557399999,19.356848090433882,43
1,0.6,0.98,-0.0005,0.0275,362.3944557399999,19.356848090433882,43
1,0.6,0.98,0.0,0.0255,387.8354057399998,17.152715559651853,42
1,0.6,0.98,0.0,0.0265,362.3944557399999,19.356848090433882,43
1,0.6,0.98,0.0,0.0275,362.3944557399999,19.356848090433882,43
1,0.6,0.995,-0.001,0.0255,390.9148157399999,17.12599819941632,42
1,0.6,0.995,-0.001,0.0265,366.8597382399998,19.798067563533913,43
1,0.6,0.995,-0.001,0.0275,366.8597382399998,19.798067563533913,43
1,0.6,0.995,-0.0005,0.0255,390.9148157399999,17.12599819941632,42
1,0.6,0.995,-0.0005,0.0265,366.8597382399998,19.798067563533913,43
1,0.6,0.995,-0.0005,0.0275,366.8597382399998,19.798067563533913,43
1,0.6,0.995,0.0,0.0255,390.9148157399999,17.12599819941632,42
1,0.6,0.995,0.0,0.0265,366.8597382399998,19.798067563533913,43
1,0.6,0.995,0.0,0.0275,366.8597382399998,19.798067563533913,43
1,0.6,0.998,-0.001,0.0255,393.6861507399998,17.12599819941632,42
1,0.6,0.998,-0.001,0.0265,369.02465573999984,19.819053365067397,43
1,0.6,0.998,-0.001,0.0275,369.02465573999984,19.819053365067397,43
1,0.6,0.998,-0.0005,0.0255,393.6861507399998,17.12599819941632,42
1,0.6,0.998,-0.0005,0.0265,369.02465573999984,19.819053365067397,43
1,0.6,0.998,-0.0005,0.0275,369.02465573999984,19.819053365067397,43
1,0.6,0.998,0.0,0.0255,393.6861507399998,17.12599819941632,42
1,0.6,0.998,0.0,0.0265,369.02465573999984,19.819053365067397,43
1,0.6,0.998,0.0,0.0275,369.02465573999984,19.819053365067397,43
1,0.6,0.9998,-0.001,0.0255,393.45321323999974,17.12599819941632,42
1,0.6,0.9998,-0.001,0.0265,369.02465573999984,19.819053365067397,43
1,0.6,0.9998,-0.001,0.0275,369.02465573999984,19.819053365067397,43
1,0.6,0.9998,-0.0005,0.0255,393.45321323999974,17.12599819941632,42
1,0.6,0.9998,-0.0005,0.0265,369.02465573999984,19.819053365067397,43
1,0.6,0.9998,-0.0005,0.0275,369.02465573999984,19.819053365067397,43
1,0.6,0.9998,0.0,0.0255,393.45321323999974,17.12599819941632,42
1,0.6,0.9998,0.0,0.0265,369.02465573999984,19.819053365067397,43
1,0.6,0.9998,0.0,0.0275,369.02465573999984,19.819053365067397,43
1,0.65,0.95,-0.001,0.0255,365.37723687999994,15.773147823902844,42
1,0.65,0.95,-0.001,0.0265,340.26764188000004,18.707257039806567,43
1,0.65,0.95,-0.001,0.0275,340.26764188000004,18.707257039806567,43
1,0.65,0.95,-0.0005,0.0255,365.37723687999994,15.773147823902844,42
1,0.65,0.95,-0.0005,0.0265,340.26764188000004,18.707257039806567,43
1,0.65,0.95,-0.0005,0.0275,340.26764188000004,18.707257039806567,43
1,0.65,0.95,0.0,0.0255,365.37723687999994,15.773147823902844,42
1,0.65,0.95,0.0,0.0265,340.26764188000004,18.707257039806567,43
1,0.65,0.95,0.0,0.0275,340.26764188000004,18.707257039806567,43
1,0.65,0.98,-0.001,0.0255,387.8354057399998,17.152715559651853,42
1,0.65,0.98,-0.001,0.0265,362.3944557399999,19.356848090433882,43
1,0.65,0.98,-0.001,0.0275,362.3944557399999,19.356848090433882,43
1,0.65,0.98,-0.0005,0.0255,387.8354057399998,17.152715559651853,42
1,0.65,0.98,-0.0005,0.0265,362.3944557399999,19.356848090433882,43
1,0.65,0.98,-0.0005,0.0275,362.3944557399999,19.356848090433882,43
1,0.65,0.98,0.0,0.0255,387.8354057399998,17.152715559651853,42
1,0.65,0.98,0.0,0.0265,362.3944557399999,19.356848090433882,43
1,0.65,0.98,0.0,0.0275,362.3944557399999,19.356848090433882,43
1,0.65,0.995,-0.001,0.0255,390.9148157399999,17.12599819941632,42
1,0.65,0.995,-0.001,0.0265,366.8597382399998,19.798067563533913,43
1,0.65,0.995,-0.001,0.0275,366.8597382399998,19.798067563533913,43
1,0.65,0.995,-0.0005,0.0255,390.9148157399999,17.12599819941632,42
1,0.65,0.995,-0.0005,0.0265,366.8597382399998,19.798067563533913,43
1,0.65,0.995,-0.0005,0.0275,366.8597382399998,19.798067563533913,43
1,0.65,0.995,0.0,0.0255,390.9148157399999,17.12599819941632,42
1,0.65,0.995,0.0,0.0265,366.8597382399998,19.798067563533913,43
1,0.65,0.995,0.0,0.0275,366.8597382399998,19.798067563533913,43
1,0.65,0.998,-0.001,0.0255,393.6861507399998,17.12599819941632,42
1,0.65,0.998,-0.001,0.0265,369.02465573999984,19.819053365067397,43
1,0.65,0.998,-0.001,0.0275,369.02465573999984,19.819053365067397,43
1,0.65,0.998,-0.0005,0.0255,393.6861507399998,17.12599819941632,42
1,0.65,0.998,-0.0005,0.0265,369.02465573999984,19.819053365067397,43
1,0.65,0.998,-0.0005,0.0275,369.02465573999984,19.819053365067397,43
1,0.65,0.998,0.0,0.0255,393.6861507399998,17.12599819941632,42
1,0.65,0.998,0.0,0.0265,369.02465573999984,19.819053365067397,43
1,0.65,0.998,0.0,0.0275,369.02465573999984,19.819053365067397,43
1,0.65,0.9998,-0.001,0.0255,393.45321323999974,17.12599819941632,42
1,0.65,0.9998,-0.001,0.0265,369.02465573999984,19.819053365067397,43
1,0.65,0.9998,-0.001,0.0275,369.02465573999984,19.819053365067397,43
1,0.65,0.9998,-0.0005,0.0255,393.45321323999974,17.12599819941632,42
1,0.65,0.9998,-0.0005,0.0265,369.02465573999984,19.819053365067397,43
1,0.65,0.9998,-0.0005,0.0275,369.02465573999984,19.819053365067397,43
1,0.65,0.9998,0.0,0.0255,393.45321323999974,17.12599819941632,42
1,0.65,0.9998,0.0,0.0265,369.02465573999984,19.819053365067397,43
1,0.65,0.9998,0.0,0.0275,369.02465573999984,19.819053365067397,43
2,0.55,0.95,-0.001,0.0255,979.8808721033822,25.948749053036163,58
2,0.55,0.95,-0.001,0.0265,979.8808721033822,25.948749053036163,58
2,0.55,0.95,-0.001,0.0275,979.8808721033822,25.948749053036163,58
2,0.55,0.95,-0.0005,0.0255,979.8808721033822,25.948749053036163,58
2,0.55,0.95,-0.0005,0.0265,979.8808721033822,25.948749053036163,58
2,0.55,0.95,-0.0005,0.0275,979.8808721033822,25.948749053036163,58
2,0.55,0.95,0.0,0.0255,883.8870188807321,25.948749053036163,57
2,0.55,0.95,0.0,0.0265,883.8870188807321,25.948749053036163,57
2,0.55,0.95,0.0,0.0275,883.8870188807321,25.948749053036163,57
2,0.55,0.98,-0.001,0.0255,1086.9783041515275,26.91524853165334,58
2,0.55,0.98,-0.001,0.0265,1086.9783041515275,26.91524853165334,58
2,0.55,0.98,-0.001,0.0275,1086.9783041515275,26.91524853165334,58
2,0.55,0.98,-0.0005,0.0255,1086.9783041515275,26.91524853165334,58
2,0.55,0.98,-0.0005,0.0265,1086.9783041515275,26.91524853165334,58
2,0.55,0.98,-0.0005,0.0275,1086.9783041515275,26.91524853165334,58
2,0.55,0.98,0.0,0.0255,978.3173559403272,26.91524853165334,57
2,0.55,0.98,0.0,0.0265,978.3173559403272,26.91524853165334,57
2,0.55,0.98,0.0,0.0275,978.3173559403272,26.91524853165334,57
2,0.55,0.995,-0.001,0.0255,1085.1278633143777,27.944284930846237,58
2,0.55,0.995,-0.001,0.0265,1085.1278633143777,27.944284930846237,58
2,0.55,0.995,-0.001,0.0275,1085.1278633143777,27.944284930846237,58
2,0.55,0.995,-0.0005,0.0255,1085.1278633143777,27.944284930846237,58
2,0.55,0.995,-0.0005,0.0265,1085.1278633143777,27.944284930846237,58
2,0.55,0.995,-0.0005,0.0275,1085.1278633143777,27.944284930846237,58
2,0.55,0.995,0.0,0.0255,976.3556334403274,27.944284930846237,57
2,0.55,0.995,0.0,0.0265,976.3556334403274,27.944284930846237,57
2,0.55,0.995,0.0,0.0275,976.3556334403274,27.944284930846237,57
2,0.55,0.998,-0.001,0.0255,1105.1300558399194,27.93417352535012,58
2,0.55,0.998,-0.001,0.0265,1105.1300558399194,27.93417352535012,58
2,0.55,0.998,-0.001,0.0275,1105.1300558399194,27.93417352535012,58
2,0.55,0.998,-0.0005,0.0255,1105.1300558399194,27.93417352535012,58
2,0.55,0.998,-0.0005,0.0265,1105.1300558399194,27.93417352535012,58
2,0.55,0.998,-0.0005,0.0275,1105.1300558399194,27.93417352535012,58
2,0.55,0.998,0.0,0.0255,995.4175809658695,27.93417352535012,57
2,0.55,0.998,0.0,0.0265,995.4175809658695,27.93417352535012,57
2,0.55,0.998,0.0,0.0275,995.4175809658695,27.93417352535012,57
2,0.55,0.9998,-0.001,0.0255,1110.4284583399194,27.93417352535012,58
2,0.55,0.9998,-0.001,0.0265,1110.4284583399194,27.93417352535012,58
2,0.55,0.9998,-0.001,0.0275,1110.4284583399194,27.93417352535012,58
2,0.55,0.9998,-0.0005,0.0255,1110.4284583399194,27.93417352535012,58
2,0.55,0.9998,-0.0005,0.0265,1110.4284583399194,27.93417352535012,58
2,0.55,0.9998,-0.0005,0.0275,1110.4284583399194,27.93417352535012,58
2,0.55,0.9998,0.0,0.0255,996.9805609658696,27.93417352535012,57
2,0.55,0.9998,0.0,0.0265,996.9805609658696,27.93417352535012,57
2,0.55,0.9998,0.0,0.0275,996.9805609658696,27.93417352535012,57
2,0.6,0.95,-0.001,0.0255,987.084511380732,25.948749053036163,57
2,0.6,0.95,-0.001,0.0265,987.084511380732,25.948749053036163,57
2,0.6,0.95,-0.001,0.0275,987.084511380732,25.948749053036163,57
2,0.6,0.95,-0.0005,0.0255,987.084511380732,25.948749053036163,57
2,0.6,0.95,-0.0005,0.0265,987.084511380732,25.948749053036163,57
2,0.6,0.95,-0.0005,0.0275,987.084511380732,25.948749053036163,57
2,0.6,0.95,0.0,0.0255,883.8870188807321,25.948749053036163,57
2,0.6,0.95,0.0,0.0265,883.8870188807321,25.948749053036163,57
2,0.6,0.95,0.0,0.0275,883.8870188807321,25.948749053036163,57
2,0.6,0.98,-0.001,0.0255,1095.6550184403275,26.91524853165334,57
2,0.6,0.98,-0.001,0.0265,1095.6550184403275,26.91524853165334,57
2,0.6,0.98,-0.001,0.0275,1095.6550184403275,26.91524853165334,57
2,0.6,0.98,-0.0005,0.0255,1095.6550184403275,26.91524853165334,57
2,0.6,0.98,-0.0005,0.0265,1095.6550184403275,26.91524853165334,57
2,0.6,0.98,-0.0005,0.0275,1095.6550184403275,26.91524853165334,57
2,0.6,0.98,0.0,0.0255,978.3173559403272,26.91524853165334,57
2,0.6,0.98,0.0,0.0265,978.3173559403272,26.91524853165334,57
2,0.6,0.98,0.0,0.0275,978.3173559403272,26.91524853165334,57
2,0.6,0.995,-0.001,0.0255,1094.0361109403273,27.944284930846237,57
2,0.6,0.995,-0.001,0.0265,1094.0361109403273,27.944284930846237,57
2,0.6,0.995,-0.001,0.0275,1094.0361109403273,27.944284930846237,57
2,0.6,0.995,-0.0005,0.0255,1094.0361109403273,27.944284930846237,57
2,0.6,0.995,-0.0005,0.0265,1094.0361109403273,27.944284930846237,57
2,0.6,0.995,-0.0005,0.0275,1094.0361109403273,27.944284930846237,57
2,0.6,0.995,0.0,0.0255,976.3556334403274,27.944284930846237,57
2,0.6,0.995,0.0,0.0265,976.3556334403274,27.944284930846237,57
2,0.6,0.995,0.0,0.0275,976.3556334403274,27.944284930846237,57
2,0.6,0.998,-0.001,0.0255,1114.0383034658694,27.93417352535012,57
2,0.6,0.998,-0.001,0.0265,1114.0383034658694,27.93417352535012,57
2,0.6,0.998,-0.001,0.0275,1114.0383034658694,27.93417352535012,57
2,0.6,0.998,-0.0005,0.0255,1114.0383034658694,27.93417352535012,57
2,0.6,0.998,-0.0005,0.0265,1114.0383034658694,27.93417352535012,57
2,0.6,0.998,-0.0005,0.0275,1114.0383034658694,27.93417352535012,57
2,0.6,0.998,0.0,0.0255,995.4175809658695,27.93417352535012,57
2,0.6,0.998,0.0,0.0265,995.4175809658695,27.93417352535012,57
2,0.6,0.998,0.0,0.0275,995.4175809658695,27.93417352535012,57
2,0.6,0.9998,-0.001,0.0255,1119.3367059658692,27.93417352535012,57
2,0.6,0.9998,-0.001,0.0265,1119.3367059658692,27.93417352535012,57
2,0.6,0.9998,-0.001,0.0275,1119.3367059658692,27.93417352535012,57
2,0.6,0.9998,-0.0005,0.0255,1119.3367059658692,27.93417352535012,57
2,0.6,0.9998,-0.0005,0.0265,1119.3367059658692,27.93417352535012,57
2,0.6,0.9998,-0.0005,0.0275,1119.3367059658692,27.93417352535012,57
2,0.6,0.9998,0.0,0.0255,996.9805609658696,27.93417352535012,57
2,0.6,0.9998,0.0,0.0265,996.9805609658696,27.93417352535012,57
2,0.6,0.9998,0.0,0.0275,996.9805609658696,27.93417352535012,57
2,0.65,0.95,-0.001,0.0255,987.084511380732,25.948749053036163,57
2,0.65,0.95,-0.001,0.0265,987.084511380732,25.948749053036163,57
2,0.65,0.95,-0.001,0.0275,987.084511380732,25.948749053036163,57
2,0.65,0.95,-0.0005,0.0255,987.084511380732,25.948749053036163,57
2,0.65,0.95,-0.0005,0.0265,987.084511380732,25.948749053036163,57
2,0.65,0.95,-0.0005,0.0275,987.084511380732,25.948749053036163,57
2,0.65,0.95,0.0,0.0255,883.8870188807321,25.948749053036163,57
2,0.65,0.95,0.0,0.0265,883.8870188807321,25.948749053036163,57
2,0.65,0.95,0.0,0.0275,883.8870188807321,25.948749053036163,57
2,0.65,0.98,-0.001,0.0255,1095.6550184403275,26.91524853165334,57
2,0.65,0.98,-0.001,0.0265,1095.6550184403275,26.91524853165334,57
2,0.65,0.98,-0.001,0.0275,1095.6550184403275,26.91524853165334,57
2,0.65,0.98,-0.0005,0.0255,1095.6550184403275,26.91524853165334,57
2,0.65,0.98,-0.0005,0.0265,1095.6550184403275,26.91524853165334,57
2,0.65,0.98,-0.0005,0.0275,1095.6550184403275,26.91524853165334,57
2,0.65,0.98,0.0,0.0255,978.3173559403272,26.91524853165334,57
2,0.65,0.98,0.0,0.0265,978.3173559403272,26.91524853165334,57
2,0.65,0.98,0.0,0.0275,978.3173559403272,26.91524853165334,57
2,0.65,0.995,-0.001,0.0255,1094.0361109403273,27.944284930846237,57
2,0.65,0.995,-0.001,0.0265,1094.0361109403273,27.944284930846237,57
2,0.65,0.995,-0.001,0.0275,1094.0361109403273,27.944284930846237,57
2,0.65,0.995,-0.0005,0.0255,1094.0361109403273,27.944284930846237,57
2,0.65,0.995,-0.0005,0.0265,1094.0361109403273,27.944284930846237,57
2,0.65,0.995,-0.0005,0.0275,1094.0361109403273,27.944284930846237,57
2,0.65,0.995,0.0,0.0255,976.3556334403274,27.944284930846237,57
2,0.65,0.995,0.0,0.0265,976.3556334403274,27.944284930846237,57
2,0.65,0.995,0.0,0.0275,976.3556334403274,27.944284930846237,57
2,0.65,0.998,-0.001,0.0255,1114.0383034658694,27.93417352535012,57
2,0.65,0.998,-0.001,0.0265,1114.0383034658694,27.93417352535012,57
2,0.65,0.998,-0.001,0.0275,1114.0383034658694,27.93417352535012,57
2,0.65,0.998,-0.0005,0.0255,1114.0383034658694,27.93417352535012,57
2,0.65,0.998,-0.0005,0.0265,1114.0383034658694,27.93417352535012,57
2,0.65,0.998,-0.0005,0.0275,1114.0383034658694,27.93417352535012,57
2,0.65,0.998,0.0,0.0255,995.4175809658695,27.93417352535012,57
2,0.65,0.998,0.0,0.0265,995.4175809658695,27.93417352535012,57
2,0.65,0.998,0.0,0.0275,995.4175809658695,27.93417352535012,57
2,0.65,0.9998,-0.001,0.0255,1119.3367059658692,27.93417352535012,57
2,0.65,0.9998,-0.001,0.0265,1119.3367059658692,27.93417352535012,57
2,0.65,0.9998,-0.001,0.0275,1119.3367059658692,27.93417352535012,57
2,0.65,0.9998,-0.0005,0.0255,1119.3367059658692,27.93417352535012,57
2,0.65,0.9998,-0.0005,0.0265,1119.3367059658692,27.93417352535012,57
2,0.65,0.9998,-0.0005,0.0275,1119.3367059658692,27.93417352535012,57
2,0.65,0.9998,0.0,0.0255,996.9805609658696,27.93417352535012,57
2,0.65,0.9998,0.0,0.0265,996.9805609658696,27.93417352535012,57
2,0.65,0.9998,0.0,0.0275,996.9805609658696,27.93417352535012,57
3,0.55,0.95,-0.001,0.0255,2449.900144102224,15.21983396377426,65
3,0.55,0.95,-0.001,0.0265,2449.900144102224,15.21983396377426,65
3,0.55,0.95,-0.001,0.0275,2449.900144102224,15.21983396377426,65
3,0.55,0.95,-0.0005,0.0255,2449.900144102224,15.21983396377426,65
3,0.55,0.95,-0.0005,0.0265,2449.900144102224,15.21983396377426,65
3,0.55,0.95,-0.0005,0.0275,2449.900144102224,15.21983396377426,65
3,0.55,0.95,0.0,0.0255,1965.940199915585,15.188537046686381,63
3,0.55,0.95,0.0,0.0265,1965.940199915585,15.188537046686381,63
3,0.55,0.95,0.0,0.0275,1965.940199915585,15.188537046686381,63
3,0.55,0.98,-0.001,0.0255,2810.155535388447,15.699890947589004,65
3,0.55,0.98,-0.001,0.0265,2810.155535388447,15.699890947589004,65
3,0.55,0.98,-0.001,0.0275,2810.155535388447,15.699890947589004,65
3,0.55,0.98,-0.0005,0.0255,2810.155535388447,15.699890947589004,65
3,0.55,0.98,-0.0005,0.0265,2810.155535388447,15.699890947589004,65
3,0.55,0.98,-0.0005,0.0275,2810.155535388447,15.699890947589004,65
3,0.55,0.98,0.0,0.0255,2264.60456263511,15.707308790747588,63
3,0.55,0.98,0.0,0.0265,2264.60456263511,15.707308790747588,63
3,0.55,0.98,0.0,0.0275,2264.60456263511,15.707308790747588,63
3,0.55,0.995,-0.001,0.0255,3021.8704883792298,15.91917664404822,65
3,0.55,0.995,-0.001,0.0265,3021.8704883792298,15.91917664404822,65
3,0.55,0.995,-0.001,0.0275,3021.8704883792298,15.91917664404822,65
3,0.55,0.995,-0.0005,0.0255,3021.8704883792298,15.91917664404822,65
3,0.55,0.995,-0.0005,0.0265,3021.8704883792298,15.91917664404822,65
3,0.55,0.995,-0.0005,0.0275,3021.8704883792298,15.91917664404822,65
3,0.55,0.995,0.0,0.0255,2391.341498985942,15.90934350254968,63
3,0.55,0.995,0.0,0.0265,2391.341498985942,15.90934350254968,63
3,0.55,0.995,0.0,0.0275,2391.341498985942,15.90934350254968,63
3,0.55,0.998,-0.001,0.0255,3031.0355084647726,15.970330460477403,65
3,0.55,0.998,-0.001,0.0265,3031.0355084647726,15.970330460477403,65
3,0.55,0.998,-0.001,0.0275,3031.0355084647726,15.970330460477403,65
3,0.55,0.998,-0.0005,0.0255,3031.0355084647726,15.970330460477403,65
3,0.55,0.998,-0.0005,0.0265,3031.0355084647726,15.970330460477403,65
3,0.55,0.998,-0.0005,0.0275,3031.0355084647726,15.970330460477403,65
3,0.55,0.998,0.0,0.0255,2421.781179071485,15.968523358289433,63
3,0.55,0.998,0.0,0.0265,2421.781179071485,15.968523358289433,63
3,0.55,0.998,0.0,0.0275,2421.781179071485,15.968523358289433,63
3,0.55,0.9998,-0.001,0.0255,3032.330230964772,16.01910595150687,65
3,0.55,0.9998,-0.001,0.0265,3032.330230964772,16.01910595150687,65
3,0.55,0.9998,-0.001,0.0275,3032.330230964772,16.01910595150687,65
3,0.55,0.9998,-0.0005,0.0255,3032.330230964772,16.01910595150687,65
3,0.55,0.9998,-0.0005,0.0265,3032.330230964772,16.01910595150687,65
3,0.55,0.9998,-0.0005,0.0275,3032.330230964772,16.01910595150687,65
3,0.55,0.9998,0.0,0.0255,2421.057801571485,16.03138098447767,63
3,0.55,0.9998,0.0,0.0265,2421.057801571485,16.03138098447767,63
3,0.55,0.9998,0.0,0.0275,2421.057801571485,16.03138098447767,63
3,0.6,0.95,-0.001,0.0255,2468.748024365574,15.21983396377426,64
3,0.6,0.95,-0.001,0.0265,2468.748024365574,15.21983396377426,64
3,0.6,0.95,-0.001,0.0275,2468.748024365574,15.21983396377426,64
3,0.6,0.95,-0.0005,0.0255,2468.748024365574,15.21983396377426,64
3,0.6,0.95,-0.0005,0.0265,2468.748024365574,15.21983396377426,64
3,0.6,0.95,-0.0005,0.0275,2468.748024365574,15.21983396377426,64
3,0.6,0.95,0.0,0.0255,1965.940199915585,15.188537046686381,63
3,0.6,0.95,0.0,0.0265,1965.940199915585,15.188537046686381,63
3,0.6,0.95,0.0,0.0275,1965.940199915585,15.188537046686381,63
3,0.6,0.98,-0.001,0.0255,2831.778210697596,15.699890947589004,64
3,0.6,0.98,-0.001,0.0265,2831.778210697596,15.699890947589004,64
3,0.6,0.98,-0.001,0.0275,2831.778210697596,15.699890947589004,64
3,0.6,0.98,-0.0005,0.0255,2831.778210697596,15.699890947589004,64
3,0.6,0.98,-0.0005,0.0265,2831.778210697596,15.699890947589004,64
3,0.6,0.98,-0.0005,0.0275,2831.778210697596,15.699890947589004,64
3,0.6,0.98,0.0,0.0255,2264.60456263511,15.707308790747588,63
3,0.6,0.98,0.0,0.0265,2264.60456263511,15.707308790747588,63
3,0.6,0.98,0.0,0.0275,2264.60456263511,15.707308790747588,63
3,0.6,0.995,-0.001,0.0255,3045.10294704843,15.91917664404822,64
3,0.6,0.995,-0.001,0.0265,3045.10294704843,15.91917664404822,64
3,0.6,0.995,-0.001,0.0275,3045.10294704843,15.91917664404822,64
3,0.6,0.995,-0.0005,0.0255,3045.10294704843,15.91917664404822,64
3,0.6,0.995,-0.0005,0.0265,3045.10294704843,15.91917664404822,64
3,0.6,0.995,-0.0005,0.0275,3045.10294704843,15.91917664404822,64
3,0.6,0.995,0.0,0.0255,2391.341498985942,15.90934350254968,63
3,0.6,0.995,0.0,0.0265,2391.341498985942,15.90934350254968,63
3,0.6,0.995,0.0,0.0275,2391.341498985942,15.90934350254968,63
3,0.6,0.998,-0.001,0.0255,3054.1691471339727,15.970330460477403,64
3,0.6,0.998,-0.001,0.0265,3054.1691471339727,15.970330460477403,64
3,0.6,0.998,-0.001,0.0275,3054.1691471339727,15.970330460477403,64
3,0.6,0.998,-0.0005,0.0255,3054.1691471339727,15.970330460477403,64
3,0.6,0.998,-0.0005,0.0265,3054.1691471339727,15.970330460477403,64
3,0.6,0.998,-0.0005,0.0275,3054.1691471339727,15.970330460477403,64
3,0.6,0.998,0.0,0.0255,2421.781179071485,15.968523358289433,63
3,0.6,0.998,0.0,0.0265,2421.781179071485,15.968523358289433,63
3,0.6,0.998,0.0,0.0275,2421.781179071485,15.968523358289433,63
3,0.6,0.9998,-0.001,0.0255,3055.384797133972,16.01910595150687,64
3,0.6,0.9998,-0.001,0.0265,3055.384797133972,16.01910595150687,64
3,0.6,0.9998,-0.001,0.0275,3055.384797133972,16.01910595150687,64
3,0.6,0.9998,-0.0005,0.0255,3055.384797133972,16.01910595150687,64
3,0.6,0.9998,-0.0005,0.0265,3055.384797133972,16.01910595150687,64
3,0.6,0.9998,-0.0005,0.0275,3055.384797133972,16.01910595150687,64
3,0.6,0.9998,0.0,0.0255,2421.057801571485,16.03138098447767,63
3,0.6,0.9998,0.0,0.0265,2421.057801571485,16.03138098447767,63
3,0.6,0.9998,0.0,0.0275,2421.057801571485,16.03138098447767,63
3,0.65,0.95,-0.001,0.0255,2468.748024365574,15.21983396377426,64
3,0.65,0.95,-0.001,0.0265,2468.748024365574,15.21983396377426,64
3,0.65,0.95,-0.001,0.0275,2468.748024365574,15.21983396377426,64
3,0.65,0.95,-0.0005,0.0255,2468.748024365574,15.21983396377426,64
3,0.65,0.95,-0.0005,0.0265,2468.748024365574,15.21983396377426,64
3,0.65,0.95,-0.0005,0.0275,2468.748024365574,15.21983396377426,64
3,0.65,0.95,0.0,0.0255,1965.940199915585,15.188537046686381,63
3,0.65,0.95,0.0,0.0265,1965.940199915585,15.188537046686381,63
3,0.65,0.95,0.0,0.0275,1965.940199915585,15.188537046686381,63
3,0.65,0.98,-0.001,0.0255,2831.778210697596,15.699890947589004,64
3,0.65,0.98,-0.001,0.0265,2831.778210697596,15.699890947589004,64
3,0.65,0.98,-0.001,0.0275,2831.778210697596,15.699890947589004,64
3,0.65,0.98,-0.0005,0.0255,2831.778210697596,15.699890947589004,64
3,0.65,0.98,-0.0005,0.0265,2831.778210697596,15.699890947589004,64
3,0.65,0.98,-0.0005,0.0275,2831.778210697596,15.699890947589004,64
3,0.65,0.98,0.0,0.0255,2264.60456263511,15.707308790747588,63
3,0.65,0.98,0.0,0.0265,2264.60456263511,15.707308790747588,63
3,0.65,0.98,0.0,0.0275,2264.60456263511,15.707308790747588,63
3,0.65,0.995,-0.001,0.0255,3045.10294704843,15.91917664404822,64
3,0.65,0.995,-0.001,0.0265,3045.10294704843,15.91917664404822,64
3,0.65,0.995,-0.001,0.0275,3045.10294704843,15.91917664404822,64
3,0.65,0.995,-0.0005,0.0255,3045.10294704843,15.91917664404822,64
3,0.65,0.995,-0.0005,0.0265,3045.10294704843,15.91917664404822,64
3,0.65,0.995,-0.0005,0.0275,3045.10294704843,15.91917664404822,64
3,0.65,0.995,0.0,0.0255,2391.341498985942,15.90934350254968,63
3,0.65,0.995,0.0,0.0265,2391.341498985942,15.90934350254968,63
3,0.65,0.995,0.0,0.0275,2391.341498985942,15.90934350254968,63
3,0.65,0.998,-0.001,0.0255,3054.1691471339727,15.970330460477403,64
3,0.65,0.998,-0.001,0.0265,3054.1691471339727,15.970330460477403,64
3,0.65,0.998,-0.001,0.0275,3054.1691471339727,15.970330460477403,64
3,0.65,0.998,-0.0005,0.0255,3054.1691471339727,15.970330460477403,64
3,0.65,0.998,-0.0005,0.0265,3054.1691471339727,15.970330460477403,64
3,0.65,0.998,-0.0005,0.0275,3054.1691471339727,15.970330460477403,64
3,0.65,0.998,0.0,0.0255,2421.781179071485,15.968523358289433,63
3,0.65,0.998,0.0,0.0265,2421.781179071485,15.968523358289433,63
3,0.65,0.998,0.0,0.0275,2421.781179071485,15.968523358289433,63
3,0.65,0.9998,-0.001,0.0255,3055.384797133972,16.01910595150687,64
3,0.65,0.9998,-0.001,0.0265,3055.384797133972,16.01910595150687,64
3,0.65,0.9998,-0.001,0.0275,3055.384797133972,16.01910595150687,64
3,0.65,0.9998,-0.0005,0.0255,3055.384797133972,16.01910595150687,64
3,0.65,0.9998,-0.0005,0.0265,3055.384797133972,16.01910595150687,64
3,0.65,0.9998,-0.0005,0.0275,3055.384797133972,16.01910595150687,64
3,0.65,0.9998,0.0,0.0255,2421.057801571485,16.03138098447767,63
3,0.65,0.9998,0.0,0.0265,2421.057801571485,16.03138098447767,63
3,0.65,0.9998,0.0,0.0275,2421.057801571485,16.03138098447767,63
4,0.55,0.95,-0.001,0.0255,1012.6280549791754,37.47708064183814,68
4,0.55,0.95,-0.001,0.0265,1012.6280549791754,37.47708064183814,68
4,0.55,0.95,-0.001,0.0275,1012.6280549791754,37.47708064183814,68
4,0.55,0.95,-0.0005,0.0255,1012.6280549791754,37.47708064183814,68
4,0.55,0.95,-0.0005,0.0265,1012.6280549791754,37.47708064183814,68
4,0.55,0.95,-0.0005,0.0275,1012.6280549791754,37.47708064183814,68
4,0.55,0.95,0.0,0.0255,920.4645227656302,37.47708064183814,67
4,0.55,0.95,0.0,0.0265,920.4645227656302,37.47708064183814,67
4,0.55,0.95,0.0,0.0275,920.4645227656302,37.47708064183814,67
4,0.55,0.98,-0.001,0.0255,1148.6062326343915,37.81324807328424,68
4,0.55,0.98,-0.001,0.0265,1148.6062326343915,37.81324807328424,68
4,0.55,0.98,-0.001,0.0275,1148.6062326343915,37.81324807328424,68
4,0.55,0.98,-0.0005,0.0255,1148.6062326343915,37.81324807328424,68
4,0.55,0.98,-0.0005,0.0265,1148.6062326343915,37.81324807328424,68
4,0.55,0.98,-0.0005,0.0275,1148.6062326343915,37.81324807328424,68
4,0.55,0.98,0.0,0.0255,1029.4803804208477,37.81324807328424,67
4,0.55,0.98,0.0,0.0265,1029.4803804208477,37.81324807328424,67
4,0.55,0.98,0.0,0.0275,1029.4803804208477,37.81324807328424,67
4,0.55,0.995,-0.001,0.0255,1203.0844307350822,38.62244639494576,68
4,0.55,0.995,-0.001,0.0265,1203.0844307350822,38.62244639494576,68
4,0.55,0.995,-0.001,0.0275,1203.0844307350822,38.62244639494576,68
4,0.55,0.995,-0.0005,0.0255,1203.0844307350822,38.62244639494576,68
4,0.55,0.995,-0.0005,0.0265,1203.0844307350822,38.62244639494576,68
4,0.55,0.995,-0.0005,0.0275,1203.0844307350822,38.62244639494576,68
4,0.55,0.995,0.0,0.0255,1078.6428960215376,38.62244639494576,67
4,0.55,0.995,0.0,0.0265,1078.6428960215376,38.62244639494576,67
4,0.55,0.995,0.0,0.0275,1078.6428960215376,38.62244639494576,67
4,0.55,0.998,-0.001,0.0255,1202.270820735082,39.18381787767662,68
4,0.55,0.998,-0.001,0.0265,1202.270820735082,39.18381787767662,68
4,0.55,0.998,-0.001,0.0275,1202.270820735082,39.18381787767662,68
4,0.55,0.998,-0.0005,0.0255,1202.270820735082,39.18381787767662,68
4,0.55,0.998,-0.0005,0.0265,1202.270820735082,39.18381787767662,68
4,0.55,0.998,-0.0005,0.0275,1202.270820735082,39.18381787767662,68
4,0.55,0.998,0.0,0.0255,1077.7433110215375,39.18381787767662,67
4,0.55,0.998,0.0,0.0265,1077.7433110215375,39.18381787767662,67
4,0.55,0.998,0.0,0.0275,1077.7433110215375,39.18381787767662,67
4,0.55,0.9998,-0.001,0.0255,1206.2905523979314,39.18381787767662,68
4,0.55,0.9998,-0.001,0.0265,1206.2905523979314,39.18381787767662,68
4,0.55,0.9998,-0.001,0.0275,1206.2905523979314,39.18381787767662,68
4,0.55,0.9998,-0.0005,0.0255,1206.2905523979314,39.18381787767662,68
4,0.55,0.9998,-0.0005,0.0265,1206.2905523979314,39.18381787767662,68
4,0.55,0.9998,-0.0005,0.0275,1206.2905523979314,39.18381787767662,68
4,0.55,0.9998,0.0,0.0255,1078.3503135215376,39.18381787767662,67
4,0.55,0.9998,0.0,0.0265,1078.3503135215376,39.18381787767662,67
4,0.55,0.9998,0.0,0.0275,1078.3503135215376,39.18381787767662,67
4,0.6,0.95,-0.001,0.0255,1020.7794725936755,37.47708064183814,67
4,0.6,0.95,-0.001,0.0265,1020.7794725936755,37.47708064183814,67
4,0.6,0.95,-0.001,0.0275,1020.7794725936755,37.47708064183814,67
4,0.6,0.95,-0.0005,0.0255,1020.7794725936755,37.47708064183814,67
4,0.6,0.95,-0.0005,0.0265,1020.7794725936755,37.47708064183814,67
4,0.6,0.95,-0.0005,0.0275,1020.7794725936755,37.47708064183814,67
4,0.6,0.95,0.0,0.0255,927.1428653686804,37.47708064183814,66
4,0.6,0.95,0.0,0.0265,927.1428653686804,37.47708064183814,66
4,0.6,0.95,0.0,0.0275,927.1428653686804,37.47708064183814,66
4,0.6,0.98,-0.001,0.0255,1157.5498260974914,37.81324807328424,67
4,0.6,0.98,-0.001,0.0265,1157.5498260974914,37.81324807328424,67
4,0.6,0.98,-0.001,0.0275,1157.5498260974914,37.81324807328424,67
4,0.6,0.98,-0.0005,0.0255,1157.5498260974914,37.81324807328424,67
4,0.6,0.98,-0.0005,0.0265,1157.5498260974914,37.81324807328424,67
4,0.6,0.98,-0.0005,0.0275,1157.5498260974914,37.81324807328424,67
4,0.6,0.98,0.0,0.0255,1037.8633313724977,37.81324807328424,66
4,0.6,0.98,0.0,0.0265,1037.8633313724977,37.81324807328424,66
4,0.6,0.98,0.0,0.0275,1037.8633313724977,37.81324807328424,66
4,0.6,0.995,-0.001,0.0255,1212.4362058724819,38.62244639494576,67
4,0.6,0.995,-0.001,0.0265,1212.4362058724819,38.62244639494576,67
4,0.6,0.995,-0.001,0.0275,1212.4362058724819,38.62244639494576,67
4,0.6,0.995,-0.0005,0.0255,1212.4362058724819,38.62244639494576,67
4,0.6,0.995,-0.0005,0.0265,1212.4362058724819,38.62244639494576,67
4,0.6,0.995,-0.0005,0.0275,1212.4362058724819,38.62244639494576,67
4,0.6,0.995,0.0,0.0255,1086.5215961474871,38.62244639494576,66
4,0.6,0.995,0.0,0.0265,1086.5215961474871,38.62244639494576,66
4,0.6,0.995,0.0,0.0275,1086.5215961474871,38.62244639494576,66
4,0.6,0.998,-0.001,0.0255,1212.3275683724817,39.18381787767662,67
4,0.6,0.998,-0.001,0.0265,1212.3275683724817,39.18381787767662,67
4,0.6,0.998,-0.001,0.0275,1212.3275683724817,39.18381787767662,67
4,0.6,0.998,-0.0005,0.0255,1212.3275683724817,39.18381787767662,67
4,0.6,0.998,-0.0005,0.0265,1212.3275683724817,39.18381787767662,67
4,0.6,0.998,-0.0005,0.0275,1212.3275683724817,39.18381787767662,67
4,0.6,0.998,0.0,0.0255,1086.3748461474872,39.18381787767662,66
4,0.6,0.998,0.0,0.0265,1086.3748461474872,39.18381787767662,66
4,0.6,0.998,0.0,0.0275,1086.3748461474872,39.18381787767662,66
4,0.6,0.9998,-0.001,0.0255,1216.0517533724817,39.18381787767662,67
4,0.6,0.9998,-0.001,0.0265,1216.0517533724817,39.18381787767662,67
4,0.6,0.9998,-0.001,0.0275,1216.0517533724817,39.18381787767662,67
4,0.6,0.9998,-0.0005,0.0255,1216.0517533724817,39.18381787767662,67
4,0.6,0.9998,-0.0005,0.0265,1216.0517533724817,39.18381787767662,67
4,0.6,0.9998,-0.0005,0.0275,1216.0517533724817,39.18381787767662,67
4,0.6,0.9998,0.0,0.0255,1086.9818486474878,39.18381787767662,66
4,0.6,0.9998,0.0,0.0265,1086.9818486474878,39.18381787767662,66
4,0.6,0.9998,0.0,0.0275,1086.9818486474878,39.18381787767662,66
4,0.65,0.95,-0.001,0.0255,1020.7794725936755,37.47708064183814,67
4,0.65,0.95,-0.001,0.0265,1020.7794725936755,37.47708064183814,67
4,0.65,0.95,-0.001,0.0275,1020.7794725936755,37.47708064183814,67
4,0.65,0.95,-0.0005,0.0255,1020.7794725936755,37.47708064183814,67
4,0.65,0.95,-0.0005,0.0265,1020.7794725936755,37.47708064183814,67
4,0.65,0.95,-0.0005,0.0275,1020.7794725936755,37.47708064183814,67
4,0.65,0.95,0.0,0.0255,927.1428653686804,37.47708064183814,66
4,0.65,0.95,0.0,0.0265,927.1428653686804,37.47708064183814,66
4,0.65,0.95,0.0,0.0275,927.1428653686804,37.47708064183814,66
4,0.65,0.98,-0.001,0.0255,1157.5498260974914,37.81324807328424,67
4,0.65,0.98,-0.001,0.0265,1157.5498260974914,37.81324807328424,67
4,0.65,0.98,-0.001,0.0275,1157.5498260974914,37.81324807328424,67
4,0.65,0.98,-0.0005,0.0255,1157.5498260974914,37.81324807328424,67
4,0.65,0.98,-0.0005,0.0265,1157.5498260974914,37.81324807328424,67
4,0.65,0.98,-0.0005,0.0275,1157.5498260974914,37.81324807328424,67
4,0.65,0.98,0.0,0.0255,1037.8633313724977,37.81324807328424,66
4,0.65,0.98,0.0,0.0265,1037.8633313724977,37.81324807328424,66
4,0.65,0.98,0.0,0.0275,1037.8633313724977,37.81324807328424,66
4,0.65,0.995,-0.001,0.0255,1212.4362058724819,38.62244639494576,67
4,0.65,0.995,-0.001,0.0265,1212.4362058724819,38.62244639494576,67
4,0.65,0.995,-0.001,0.0275,1212.4362058724819,38.62244639494576,67
4,0.65,0.995,-0.0005,0.0255,1212.4362058724819,38.62244639494576,67
4,0.65,0.995,-0.0005,0.0265,1212.4362058724819,38.62244639494576,67
4,0.65,0.995,-0.0005,0.0275,1212.4362058724819,38.62244639494576,67
4,0.65,0.995,0.0,0.0255,1086.5215961474871,38.62244639494576,66
4,0.65,0.995,0.0,0.0265,1086.5215961474871,38.62244639494576,66
4,0.65,0.995,0.0,0.0275,1086.5215961474871,38.62244639494576,66
4,0.65,0.998,-0.001,0.0255,1212.3275683724817,39.18381787767662,67
4,0.65,0.998,-0.001,0.0265,1212.3275683724817,39.18381787767662,67
4,0.65,0.998,-0.001,0.0275,1212.3275683724817,39.18381787767662,67
4,0.65,0.998,-0.0005,0.0255,1212.3275683724817,39.18381787767662,67
4,0.65,0.998,-0.0005,0.0265,1212.3275683724817,39.18381787767662,67
4,0.65,0.998,-0.0005,0.0275,1212.3275683724817,39.18381787767662,67
4,0.65,0.998,0.0,0.0255,1086.3748461474872,39.18381787767662,66
4,0.65,0.998,0.0,0.0265,1086.3748461474872,39.18381787767662,66
4,0.65,0.998,0.0,0.0275,1086.3748461474872,39.18381787767662,66
4,0.65,0.9998,-0.001,0.0255,1216.0517533724817,39.18381787767662,67
4,0.65,0.9998,-0.001,0.0265,1216.0517533724817,39.18381787767662,67
4,0.65,0.9998,-0.001,0.0275,1216.0517533724817,39.18381787767662,67
4,0.65,0.9998,-0.0005,0.0255,1216.0517533724817,39.18381787767662,67
4,0.65,0.9998,-0.0005,0.0265,1216.0517533724817,39.18381787767662,67
4,0.65,0.9998,-0.0005,0.0275,1216.0517533724817,39.18381787767662,67
4,0.65,0.9998,0.0,0.0255,1086.9818486474878,39.18381787767662,66
4,0.65,0.9998,0.0,0.0265,1086.9818486474878,39.18381787767662,66
4,0.65,0.9998,0.0,0.0275,1086.9818486474878,39.18381787767662,66
5,0.55,0.95,-0.001,0.0255,645.9550267865573,37.24146122500911,70
5,0.55,0.95,-0.001,0.0265,645.9550267865573,37.24146122500911,70
5,0.55,0.95,-0.001,0.0275,645.9550267865573,37.24146122500911,70
5,0.55,0.95,-0.0005,0.0255,645.9550267865573,37.24146122500911,70
5,0.55,0.95,-0.0005,0.0265,645.9550267865573,37.24146122500911,70
5,0.55,0.95,-0.0005,0.0275,645.9550267865573,37.24146122500911,70
5,0.55,0.95,0.0,0.0255,621.5264615112096,37.24146122500911,70
5,0.55,0.95,0.0,0.0265,621.5264615112096,37.24146122500911,70
5,0.55,0.95,0.0,0.0275,621.5264615112096,37.24146122500911,70
5,0.55,0.98,-0.001,0.0255,707.6101990759653,38.33123839473255,70
5,0.55,0.98,-0.001,0.0265,707.6101990759653,38.33123839473255,70
5,0.55,0.98,-0.001,0.0275,707.6101990759653,38.33123839473255,70
5,0.55,0.98,-0.0005,0.0255,707.6101990759653,38.33123839473255,70
5,0.55,0.98,-0.0005,0.0265,707.6101990759653,38.33123839473255,70
5,0.55,0.98,-0.0005,0.0275,707.6101990759653,38.33123839473255,70
5,0.55,0.98,0.0,0.0255,706.1798079634677,38.33123839473255,70
5,0.55,0.98,0.0,0.0265,706.1798079634677,38.33123839473255,70
5,0.55,0.98,0.0,0.0275,706.1798079634677,38.33123839473255,70
5,0.55,0.995,-0.001,0.0255,751.1364988748877,39.27916033806464,70
5,0.55,0.995,-0.001,0.0265,751.1364988748877,39.27916033806464,70
5,0.55,0.995,-0.001,0.0275,751.1364988748877,39.27916033806464,70
5,0.55,0.995,-0.0005,0.0255,751.1364988748877,39.27916033806464,70
5,0.55,0.995,-0.0005,0.0265,751.1364988748877,39.27916033806464,70
5,0.55,0.995,-0.0005,0.0275,751.1364988748877,39.27916033806464,70
5,0.55,0.995,0.0,0.0255,743.0509735995404,39.27916033806464,70
5,0.55,0.995,0.0,0.0265,743.0509735995404,39.27916033806464,70
5,0.55,0.995,0.0,0.0275,743.0509735995404,39.27916033806464,70
5,0.55,0.998,-0.001,0.0255,747.4142737348876,39.267573186312966,70
5,0.55,0.998,-0.001,0.0265,747.4142737348876,39.267573186312966,70
5,0.55,0.998,-0.001,0.0275,747.4142737348876,39.267573186312966,70
5,0.55,0.998,-0.0005,0.0255,747.4142737348876,39.267573186312966,70
5,0.55,0.998,-0.0005,0.0265,747.4142737348876,39.267573186312966,70
5,0.55,0.998,-0.0005,0.0275,747.4142737348876,39.267573186312966,70
5,0.55,0.998,0.0,0.0255,745.0483659595401,39.267573186312966,70
5,0.55,0.998,0.0,0.0265,745.0483659595401,39.267573186312966,70
5,0.55,0.998,0.0,0.0275,745.0483659595401,39.267573186312966,70
5,0.55,0.9998,-0.001,0.0255,747.4142737348876,39.267573186312966,70
5,0.55,0.9998,-0.001,0.0265,747.4142737348876,39.267573186312966,70
5,0.55,0.9998,-0.001,0.0275,747.4142737348876,39.267573186312966,70
5,0.55,0.9998,-0.0005,0.0255,747.4142737348876,39.267573186312966,70
5,0.55,0.9998,-0.0005,0.0265,747.4142737348876,39.267573186312966,70
5,0.55,0.9998,-0.0005,0.0275,747.4142737348876,39.267573186312966,70
5,0.55,0.9998,0.0,0.0255,745.6540434595402,39.267573186312966,70
5,0.55,0.9998,0.0,0.0265,745.6540434595402,39.267573186312966,70
5,0.55,0.9998,0.0,0.0275,745.6540434595402,39.267573186312966,70
5,0.6,0.95,-0.001,0.0255,651.1224060295576,37.24146122500911,69
5,0.6,0.95,-0.001,0.0265,651.1224060295576,37.24146122500911,69
5,0.6,0.95,-0.001,0.0275,651.1224060295576,37.24146122500911,69
5,0.6,0.95,-0.0005,0.0255,651.1224060295576,37.24146122500911,69
5,0.6,0.95,-0.0005,0.0265,651.1224060295576,37.24146122500911,69
5,0.6,0.95,-0.0005,0.0275,651.1224060295576,37.24146122500911,69
5,0.6,0.95,0.0,0.0255,626.4806024170596,37.24146122500911,69
5,0.6,0.95,0.0,0.0265,626.4806024170596,37.24146122500911,69
5,0.6,0.95,0.0,0.0275,626.4806024170596,37.24146122500911,69
5,0.6,0.98,-0.001,0.0255,713.2223499932653,38.33123839473255,69
5,0.6,0.98,-0.001,0.0265,713.2223499932653,38.33123839473255,69
5,0.6,0.98,-0.001,0.0275,713.2223499932653,38.33123839473255,69
5,0.6,0.98,-0.0005,0.0255,713.2223499932653,38.33123839473255,69
5,0.6,0.98,-0.0005,0.0265,713.2223499932653,38.33123839473255,69
5,0.6,0.98,-0.0005,0.0275,713.2223499932653,38.33123839473255,69
5,0.6,0.98,0.0,0.0255,712.6070238807677,38.33123839473255,69
5,0.6,0.98,0.0,0.0265,712.6070238807677,38.33123839473255,69
5,0.6,0.98,0.0,0.0275,712.6070238807677,38.33123839473255,69
5,0.6,0.995,-0.001,0.0255,758.0084864664877,39.27916033806464,69
5,0.6,0.995,-0.001,0.0265,758.0084864664877,39.27916033806464,69
5,0.6,0.995,-0.001,0.0275,758.0084864664877,39.27916033806464,69
5,0.6,0.995,-0.0005,0.0255,758.0084864664877,39.27916033806464,69
5,0.6,0.995,-0.0005,0.0265,758.0084864664877,39.27916033806464,69
5,0.6,0.995,-0.0005,0.0275,758.0084864664877,39.27916033806464,69
5,0.6,0.995,0.0,0.0255,749.5318303539904,39.27916033806464,69
5,0.6,0.995,0.0,0.0265,749.5318303539904,39.27916033806464,69
5,0.6,0.995,0.0,0.0275,749.5318303539904,39.27916033806464,69
5,0.6,0.998,-0.001,0.0255,754.1874413264875,39.267573186312966,69
5,0.6,0.998,-0.001,0.0265,754.1874413264875,39.267573186312966,69
5,0.6,0.998,-0.001,0.0275,754.1874413264875,39.267573186312966,69
5,0.6,0.998,-0.0005,0.0255,754.1874413264875,39.267573186312966,69
5,0.6,0.998,-0.0005,0.0265,754.1874413264875,39.267573186312966,69
5,0.6,0.998,-0.0005,0.0275,754.1874413264875,39.267573186312966,69
5,0.6,0.998,0.0,0.0255,750.6958627139902,39.267573186312966,69
5,0.6,0.998,0.0,0.0265,750.6958627139902,39.267573186312966,69
5,0.6,0.998,0.0,0.0275,750.6958627139902,39.267573186312966,69
5,0.6,0.9998,-0.001,0.0255,754.2862613264876,39.267573186312966,69
5,0.6,0.9998,-0.001,0.0265,754.2862613264876,39.267573186312966,69
5,0.6,0.9998,-0.001,0.0275,754.2862613264876,39.267573186312966,69
5,0.6,0.9998,-0.0005,0.0255,754.2862613264876,39.267573186312966,69
5,0.6,0.9998,-0.0005,0.0265,754.2862613264876,39.267573186312966,69
5,0.6,0.9998,-0.0005,0.0275,754.2862613264876,39.267573186312966,69
5,0.6,0.9998,0.0,0.0255,750.77446021399,39.267573186312966,69
5,0.6,0.9998,0.0,0.0265,750.77446021399,39.267573186312966,69
5,0.6,0.9998,0.0,0.0275,750.77446021399,39.267573186312966,69
5,0.65,0.95,-0.001,0.0255,651.1224060295576,37.24146122500911,69
5,0.65,0.95,-0.001,0.0265,651.1224060295576,37.24146122500911,69
5,0.65,0.95,-0.001,0.0275,651.1224060295576,37.24146122500911,69
5,0.65,0.95,-0.0005,0.0255,651.1224060295576,37.24146122500911,69
5,0.65,0.95,-0.0005,0.0265,651.1224060295576,37.24146122500911,69
5,0.65,0.95,-0.0005,0.0275,651.1224060295576,37.24146122500911,69
5,0.65,0.95,0.0,0.0255,626.4806024170596,37.24146122500911,69
5,0.65,0.95,0.0,0.0265,626.4806024170596,37.24146122500911,69
5,0.65,0.95,0.0,0.0275,626.4806024170596,37.24146122500911,69
5,0.65,0.98,-0.001,0.0255,713.2223499932653,38.33123839473255,69
5,0.65,0.98,-0.001,0.0265,713.2223499932653,38.33123839473255,69
5,0.65,0.98,-0.001,0.0275,713.2223499932653,38.33123839473255,69
5,0.65,0.98,-0.0005,0.0255,713.2223499932653,38.33123839473255,69
5,0.65,0.98,-0.0005,0.0265,713.2223499932653,38.33123839473255,69
5,0.65,0.98,-0.0005,0.0275,713.2223499932653,38.33123839473255,69
5,0.65,0.98,0.0,0.0255,712.6070238807677,38.33123839473255,69
5,0.65,0.98,0.0,0.0265,712.6070238807677,38.33123839473255,69
5,0.65,0.98,0.0,0.0275,712.6070238807677,38.33123839473255,69
5,0.65,0.995,-0.001,0.0255,758.0084864664877,39.27916033806464,69
5,0.65,0.995,-0.001,0.0265,758.0084864664877,39.27916033806464,69
5,0.65,0.995,-0.001,0.0275,758.0084864664877,39.27916033806464,69
5,0.65,0.995,-0.0005,0.0255,758.0084864664877,39.27916033806464,69
5,0.65,0.995,-0.0005,0.0265,758.0084864664877,39.27916033806464,69
5,0.65,0.995,-0.0005,0.0275,758.0084864664877,39.27916033806464,69
5,0.65,0.995,0.0,0.0255,749.5318303539904,39.27916033806464,69
5,0.65,0.995,0.0,0.0265,749.5318303539904,39.27916033806464,69
5,0.65,0.995,0.0,0.0275,749.5318303539904,39.27916033806464,69
5,0.65,0.998,-0.001,0.0255,754.1874413264875,39.267573186312966,69
5,0.65,0.998,-0.001,0.0265,754.1874413264875,39.267573186312966,69
5,0.65,0.998,-0.001,0.0275,754.1874413264875,39.267573186312966,69
5,0.65,0.998,-0.0005,0.0255,754.1874413264875,39.267573186312966,69
5,0.65,0.998,-0.0005,0.0265,754.1874413264875,39.267573186312966,69
5,0.65,0.998,-0.0005,0.0275,754.1874413264875,39.267573186312966,69
5,0.65,0.998,0.0,0.0255,750.6958627139902,39.267573186312966,69
5,0.65,0.998,0.0,0.0265,750.6958627139902,39.267573186312966,69
5,0.65,0.998,0.0,0.0275,750.6958627139902,39.267573186312966,69
5,0.65,0.9998,-0.001,0.0255,754.2862613264876,39.267573186312966,69
5,0.65,0.9998,-0.001,0.0265,754.2862613264876,39.267573186312966,69
5,0.65,0.9998,-0.001,0.0275,754.2862613264876,39.267573186312966,69
5,0.65,0.9998,-0.0005,0.0255,754.2862613264876,39.267573186312966,69
5,0.65,0.9998,-0.0005,0.0265,754.2862613264876,39.267573186312966,69
5,0.65,0.9998,-0.0005,0.0275,754.2862613264876,39.267573186312966,69
5,0.65,0.9998,0.0,0.0255,750.77446021399,39.267573186312966,69
5,0.65,0.9998,0.0,0.0265,750.77446021399,39.267573186312966,69
5,0.65,0.9998,0.0,0.0275,750.77446021399,39.267573186312966,69
6,0.55,0.95,-0.001,0.0255,379.75632522954754,37.24146122500911,72
6,0.55,0.95,-0.001,0.0265,379.75632522954754,37.24146122500911,72
6,0.55,0.95,-0.001,0.0275,325.5966557913501,37.24146122500911,71
6,0.55,0.95,-0.0005,0.0255,457.8371210552473,37.24146122500911,71
6,0.55,0.95,-0.0005,0.0265,457.8371210552473,37.24146122500911,71
6,0.55,0.95,-0.0005,0.0275,388.08880661705007,37.24146122500911,70
6,0.55,0.95,0.0,0.0255,450.5751407799001,37.24146122500911,71
6,0.55,0.95,0.0,0.0265,450.5751407799001,37.24146122500911,71
6,0.55,0.95,0.0,0.0275,406.87262161705,37.24146122500911,71
6,0.55,0.98,-0.001,0.0255,419.89267793239765,38.33123839473255,72
6,0.55,0.98,-0.001,0.0265,419.89267793239765,38.33123839473255,72
6,0.55,0.98,-0.001,0.0275,402.53682793239767,38.33123839473255,72
6,0.55,0.98,-0.0005,0.0255,496.4360662580975,38.33123839473255,71
6,0.55,0.98,-0.0005,0.0265,496.4360662580975,38.33123839473255,71
6,0.55,0.98,-0.0005,0.0275,484.18160125809743,38.33123839473255,71
6,0.55,0.98,0.0,0.0255,501.4042776455999,38.33123839473255,71
6,0.55,0.98,0.0,0.0265,501.4042776455999,38.33123839473255,71
6,0.55,0.98,0.0,0.0275,489.21604014560006,38.33123839473255,71
6,0.55,0.995,-0.001,0.0255,418.6203570800776,39.27916033806464,72
6,0.55,0.995,-0.001,0.0265,418.6203570800776,39.27916033806464,72
6,0.55,0.995,-0.001,0.0275,415.74146438007756,39.27916033806464,72
6,0.55,0.995,-0.0005,0.0255,496.72037290577737,39.27916033806464,71
6,0.55,0.995,-0.0005,0.0265,496.72037290577737,39.27916033806464,71
6,0.55,0.995,-0.0005,0.0275,492.9143152057773,39.27916033806464,71
6,0.55,0.995,0.0,0.0255,499.9187292932799,39.27916033806464,71
6,0.55,0.995,0.0,0.0265,499.9187292932799,39.27916033806464,71
6,0.55,0.995,0.0,0.0275,496.6752190932798,39.27916033806464,71
6,0.55,0.998,-0.001,0.0255,421.56806444007753,39.267573186312966,72
6,0.55,0.998,-0.001,0.0265,421.56806444007753,39.267573186312966,72
6,0.55,0.998,-0.001,0.0275,417.0159042400776,39.267573186312966,72
6,0.55,0.998,-0.0005,0.0255,513.7295169286276,39.267573186312966,71
6,0.55,0.998,-0.0005,0.0265,513.7295169286276,39.267573186312966,71
6,0.55,0.998,-0.0005,0.0275,495.1159200657773,39.267573186312966,71
6,0.55,0.998,0.0,0.0255,503.3622758161299,39.267573186312966,71
6,0.55,0.998,0.0,0.0265,503.3622758161299,39.267573186312966,71
6,0.55,0.998,0.0,0.0275,498.9918439532798,39.267573186312966,71
6,0.55,0.9998,-0.001,0.0255,421.74151944007747,39.267573186312966,72
6,0.55,0.9998,-0.001,0.0265,421.74151944007747,39.267573186312966,72
6,0.55,0.9998,-0.001,0.0275,416.7348994400776,39.267573186312966,72
6,0.55,0.9998,-0.0005,0.0255,513.8283369286276,39.267573186312966,71
6,0.55,0.9998,-0.0005,0.0265,513.8283369286276,39.267573186312966,71
6,0.55,0.9998,-0.0005,0.0275,494.81662026577726,39.267573186312966,71
6,0.55,0.9998,0.0,0.0255,498.05893415327995,39.267573186312966,71
6,0.55,0.9998,0.0,0.0265,498.05893415327995,39.267573186312966,71
6,0.55,0.9998,0.0,0.0275,498.8096591532798,39.267573186312966,71
6,0.6,0.95,-0.001,0.0255,383.4788986124976,37.24146122500911,71
6,0.6,0.95,-0.001,0.0265,383.4788986124976,37.24146122500911,71
6,0.6,0.95,-0.001,0.0275,328.74607000000015,37.24146122500911,70
6,0.6,0.95,-0.0005,0.0255,461.13451611249747,37.24146122500911,70
6,0.6,0.95,-0.0005,0.0265,461.13451611249747,37.24146122500911,70
6,0.6,0.95,-0.0005,0.0275,391.0768400000001,37.24146122500911,69
6,0.6,0.95,0.0,0.0255,453.48140500000005,37.24146122500911,70
6,0.6,0.95,0.0,0.0265,453.48140500000005,37.24146122500911,70
6,0.6,0.95,0.0,0.0275,411.20134749999994,37.24146122500911,70
6,0.6,0.98,-0.001,0.0255,422.9768346524976,38.33123839473255,71
6,0.6,0.98,-0.001,0.0265,422.9768346524976,38.33123839473255,71
6,0.6,0.98,-0.001,0.0275,407.15931715249764,38.33123839473255,71
6,0.6,0.98,-0.0005,0.0255,500.76878715249745,38.33123839473255,70
6,0.6,0.98,-0.0005,0.0265,500.76878715249745,38.33123839473255,70
6,0.6,0.98,-0.0005,0.0275,487.8093496524975,38.33123839473255,70
6,0.6,0.98,0.0,0.0255,506.45324353999985,38.33123839473255,70
6,0.6,0.98,0.0,0.0265,506.45324353999985,38.33123839473255,70
6,0.6,0.98,0.0,0.0275,494.10540854000004,38.33123839473255,70
6,0.6,0.995,-0.001,0.0255,423.16232130017744,39.27916033806464,71
6,0.6,0.995,-0.001,0.0265,423.16232130017744,39.27916033806464,71
6,0.6,0.995,-0.001,0.0275,418.94273610017746,39.27916033806464,71
6,0.6,0.995,-0.0005,0.0255,500.7580863001774,39.27916033806464,70
6,0.6,0.995,-0.0005,0.0265,500.7580863001774,39.27916033806464,70
6,0.6,0.995,-0.0005,0.0275,497.2766036001772,39.27916033806464,70
6,0.6,0.995,0.0,0.0255,503.26976518767987,39.27916033806464,70
6,0.6,0.995,0.0,0.0265,503.26976518767987,39.27916033806464,70
6,0.6,0.995,0.0,0.0275,500.71293248767984,39.27916033806464,70
6,0.6,0.998,-0.001,0.0255,424.76933616017743,39.267573186312966,71
6,0.6,0.998,-0.001,0.0265,424.76933616017743,39.267573186312966,71
6,0.6,0.998,-0.001,0.0275,421.5578684601774,39.267573186312966,71
6,0.6,0.998,-0.0005,0.0255,518.1271511601774,39.267573186312966,70
6,0.6,0.998,-0.0005,0.0265,518.1271511601774,39.267573186312966,70
6,0.6,0.998,-0.0005,0.0275,499.1536334601773,39.267573186312966,70
6,0.6,0.998,0.0,0.0255,508.6244800476799,39.267573186312966,70
6,0.6,0.998,0.0,0.0265,508.6244800476799,39.267573186312966,70
6,0.6,0.998,0.0,0.0275,502.61959234767977,39.267573186312966,70
6,0.6,0.9998,-0.001,0.0255,424.84397116017743,39.267573186312966,71
6,0.6,0.9998,-0.001,0.0265,424.84397116017743,39.267573186312966,71
6,0.6,0.9998,-0.001,0.0275,421.3573886601774,39.267573186312966,71
6,0.6,0.9998,-0.0005,0.0255,518.2259711601774,39.267573186312966,70
6,0.6,0.9998,-0.0005,0.0265,518.2259711601774,39.267573186312966,70
6,0.6,0.9998,-0.0005,0.0275,498.9714486601773,39.267573186312966,70
6,0.6,0.9998,0.0,0.0255,501.68668254767994,39.267573186312966,70
6,0.6,0.9998,0.0,0.0265,501.68668254767994,39.267573186312966,70
6,0.6,0.9998,0.0,0.0275,502.3385875476799,39.267573186312966,70
6,0.65,0.95,-0.001,0.0255,383.4788986124976,37.24146122500911,71
6,0.65,0.95,-0.001,0.0265,383.4788986124976,37.24146122500911,71
6,0.65,0.95,-0.001,0.0275,328.74607000000015,37.24146122500911,70
6,0.65,0.95,-0.0005,0.0255,461.13451611249747,37.24146122500911,70
6,0.65,0.95,-0.0005,0.0265,461.13451611249747,37.24146122500911,70
6,0.65,0.95,-0.0005,0.0275,391.0768400000001,37.24146122500911,69
6,0.65,0.95,0.0,0.0255,453.48140500000005,37.24146122500911,70
6,0.65,0.95,0.0,0.0265,453.48140500000005,37.24146122500911,70
6,0.65,0.95,0.0,0.0275,411.20134749999994,37.24146122500911,70
6,0.65,0.98,-0.001,0.0255,422.9768346524976,38.33123839473255,71
6,0.65,0.98,-0.001,0.0265,422.9768346524976,38.33123839473255,71
6,0.65,0.98,-0.001,0.0275,407.15931715249764,38.33123839473255,71
6,0.65,0.98,-0.0005,0.0255,500.76878715249745,38.33123839473255,70
6,0.65,0.98,-0.0005,0.0265,500.76878715249745,38.33123839473255,70
6,0.65,0.98,-0.0005,0.0275,487.8093496524975,38.33123839473255,70
6,0.65,0.98,0.0,0.0255,506.45324353999985,38.33123839473255,70
6,0.65,0.98,0.0,0.0265,506.45324353999985,38.33123839473255,70
6,0.65,0.98,0.0,0.0275,494.10540854000004,38.33123839473255,70
6,0.65,0.995,-0.001,0.0255,423.16232130017744,39.27916033806464,71
6,0.65,0.995,-0.001,0.0265,423.16232130017744,39.27916033806464,71
6,0.65,0.995,-0.001,0.0275,418.94273610017746,39.27916033806464,71
6,0.65,0.995,-0.0005,0.0255,500.7580863001774,39.27916033806464,70
6,0.65,0.995,-0.0005,0.0265,500.7580863001774,39.27916033806464,70
6,0.65,0.995,-0.0005,0.0275,497.2766036001772,39.27916033806464,70
6,0.65,0.995,0.0,0.0255,503.26976518767987,39.27916033806464,70
6,0.65,0.995,0.0,0.0265,503.26976518767987,39.27916033806464,70
6,0.65,0.995,0.0,0.0275,500.71293248767984,39.27916033806464,70
6,0.65,0.998,-0.001,0.0255,424.76933616017743,39.267573186312966,71
6,0.65,0.998,-0.001,0.0265,424.76933616017743,39.267573186312966,71
6,0.65,0.998,-0.001,0.0275,421.5578684601774,39.267573186312966,71
6,0.65,0.998,-0.0005,0.0255,518.1271511601774,39.267573186312966,70
6,0.65,0.998,-0.0005,0.0265,518.1271511601774,39.267573186312966,70
6,0.65,0.998,-0.0005,0.0275,499.1536334601773,39.267573186312966,70
6,0.65,0.998,0.0,0.0255,508.6244800476799,39.267573186312966,70
6,0.65,0.998,0.0,0.0265,508.6244800476799,39.267573186312966,70
6,0.65,0.998,0.0,0.0275,502.61959234767977,39.267573186312966,70
6,0.65,0.9998,-0.001,0.0255,424.84397116017743,39.267573186312966,71
6,0.65,0.9998,-0.001,0.0265,424.84397116017743,39.267573186312966,71
6,0.65,0.9998,-0.001,0.0275,421.3573886601774,39.267573186312966,71
6,0.65,0.9998,-0.0005,0.0255,518.2259711601774,39.267573186312966,70
6,0.65,0.9998,-0.0005,0.0265,518.2259711601774,39.267573186312966,70
6,0.65,0.9998,-0.0005,0.0275,498.9714486601773,39.267573186312966,70
6,0.65,0.9998,0.0,0.0255,501.68668254767994,39.267573186312966,70
6,0.65,0.9998,0.0,0.0265,501.68668254767994,39.267573186312966,70
6,0.65,0.9998,0.0,0.0275,502.3385875476799,39.267573186312966,70
7,0.55,0.95,-0.001,0.0255,264.13705607814774,37.24146122500911,72
7,0.55,0.95,-0.001,0.0265,264.13705607814774,37.24146122500911,72
7,0.55,0.95,-0.001,0.0275,230.54417330280006,37.24146122500911,72
7,0.55,0.95,-0.0005,0.0255,325.68820190384776,37.24146122500911,71
7,0.55,0.95,-0.0005,0.0265,325.68820190384776,37.24146122500911,71
7,0.55,0.95,-0.0005,0.0275,280.55192246565014,37.24146122500911,71
7,0.55,0.95,0.0,0.0255,309.15379079135016,37.24146122500911,71
7,0.55,0.95,0.0,0.0265,309.15379079135016,37.24146122500911,71
7,0.55,0.95,0.0,0.0275,321.12808162850007,37.24146122500911,72
7,0.55,0.98,-0.001,0.0255,273.5221787809975,38.33123839473255,72
7,0.55,0.98,-0.001,0.0265,273.5221787809975,38.33123839473255,72
7,0.55,0.98,-0.001,0.0275,289.86771378099775,38.33123839473255,73
7,0.55,0.98,-0.0005,0.0255,336.07713460669754,38.33123839473255,71
7,0.55,0.98,-0.0005,0.0265,336.07713460669754,38.33123839473255,71
7,0.55,0.98,-0.0005,0.0275,356.9079679438477,38.33123839473255,72
7,0.55,0.98,0.0,0.0255,335.65894599420017,38.33123839473255,71
7,0.55,0.98,0.0,0.0265,335.65894599420017,38.33123839473255,71
7,0.55,0.98,0.0,0.0275,380.70585599419996,38.33123839473255,72
7,0.55,0.995,-0.001,0.0255,269.4719929286774,39.27916033806464,72
7,0.55,0.995,-0.001,0.0265,269.4719929286774,39.27916033806464,72
7,0.55,0.995,-0.001,0.0275,290.26120522867745,39.27916033806464,73
7,0.55,0.995,-0.0005,0.0255,332.0511337543775,39.27916033806464,71
7,0.55,0.995,-0.0005,0.0265,332.0511337543775,39.27916033806464,71
7,0.55,0.995,-0.0005,0.0275,357.02744355437756,39.27916033806464,72
7,0.55,0.995,0.0,0.0255,332.6954876418801,39.27916033806464,71
7,0.55,0.995,0.0,0.0265,332.6954876418801,39.27916033806464,71
7,0.55,0.995,0.0,0.0275,364.22558744188,39.27916033806464,72
7,0.55,0.998,-0.001,0.0255,270.56344528867754,39.267573186312966,72
7,0.55,0.998,-0.001,0.0265,270.56344528867754,39.267573186312966,72
7,0.55,0.998,-0.001,0.0275,294.9995800886774,39.267573186312966,73
7,0.55,0.998,-0.0005,0.0255,333.32047861437763,39.267573186312966,71
7,0.55,0.998,-0.0005,0.0265,333.32047861437763,39.267573186312966,71
7,0.55,0.998,-0.0005,0.0275,364.1410984143774,39.267573186312966,72
7,0.55,0.998,0.0,0.0255,335.1765025018802,39.267573186312966,71
7,0.55,0.998,0.0,0.0265,335.1765025018802,39.267573186312966,71
7,0.55,0.998,0.0,0.0275,364.88427230188006,39.267573186312966,72
7,0.55,0.9998,-0.001,0.0255,270.56344528867754,39.267573186312966,72
7,0.55,0.9998,-0.001,0.0265,270.56344528867754,39.267573186312966,72
7,0.55,0.9998,-0.001,0.0275,294.79910028867744,39.267573186312966,73
7,0.55,0.9998,-0.0005,0.0255,334.1059761143776,39.267573186312966,71
7,0.55,0.9998,-0.0005,0.0265,334.1059761143776,39.267573186312966,71
7,0.55,0.9998,-0.0005,0.0275,363.8417986143775,39.267573186312966,72
7,0.55,0.9998,0.0,0.0255,330.72992250188014,39.267573186312966,71
7,0.55,0.9998,0.0,0.0265,330.72992250188014,39.267573186312966,71
7,0.55,0.9998,0.0,0.0275,364.5849725018801,39.267573186312966,72
7,0.6,0.95,-0.001,0.0255,266.0562011124978,37.24146122500911,71
7,0.6,0.95,-0.001,0.0265,266.0562011124978,37.24146122500911,71
7,0.6,0.95,-0.001,0.0275,233.10173500000008,37.24146122500911,71
7,0.6,0.95,-0.0005,0.0255,328.8376161124977,37.24146122500911,70
7,0.6,0.95,-0.0005,0.0265,328.8376161124977,37.24146122500911,70
7,0.6,0.95,-0.0005,0.0275,283.32272250000005,37.24146122500911,70
7,0.6,0.95,0.0,0.0255,312.4020250000002,37.24146122500911,70
7,0.6,0.95,0.0,0.0265,312.4020250000002,37.24146122500911,70
7,0.6,0.95,0.0,0.0275,324.7987975000001,37.24146122500911,71
7,0.6,0.98,-0.001,0.0255,275.7533821524975,38.33123839473255,71
7,0.6,0.98,-0.001,0.0265,275.7533821524975,38.33123839473255,71
7,0.6,0.98,-0.001,0.0275,292.11721215249764,38.33123839473255,72
7,0.6,0.98,-0.0005,0.0255,338.73481465249756,38.33123839473255,70
7,0.6,0.98,-0.0005,0.0265,338.73481465249756,38.33123839473255,70
7,0.6,0.98,-0.0005,0.0275,359.3707046524977,38.33123839473255,71
7,0.6,0.98,0.0,0.0255,338.33492104000015,38.33123839473255,70
7,0.6,0.98,0.0,0.0265,338.33492104000015,38.33123839473255,70
7,0.6,0.98,0.0,0.0275,383.89061604000005,38.33123839473255,71
7,0.6,0.995,-0.001,0.0255,271.5435988001775,39.27916033806464,71
7,0.6,0.995,-0.001,0.0265,271.5435988001775,39.27916033806464,71
7,0.6,0.995,-0.001,0.0275,293.1973811001775,39.27916033806464,72
7,0.6,0.995,-0.0005,0.0255,335.41378630017766,39.27916033806464,70
7,0.6,0.995,-0.0005,0.0265,335.41378630017766,39.27916033806464,70
7,0.6,0.995,-0.0005,0.0275,363.2998986001775,39.27916033806464,71
7,0.6,0.995,0.0,0.0255,336.15696018768017,39.27916033806464,70
7,0.6,0.995,0.0,0.0265,336.15696018768017,39.27916033806464,70
7,0.6,0.995,0.0,0.0275,366.8832674876801,39.27916033806464,71
7,0.6,0.998,-0.001,0.0255,273.49962116017764,39.267573186312966,71
7,0.6,0.998,-0.001,0.0265,273.49962116017764,39.267573186312966,71
7,0.6,0.998,-0.001,0.0275,297.05289096017736,39.267573186312966,72
7,0.6,0.998,-0.0005,0.0255,336.68313116017765,39.267573186312966,70
7,0.6,0.998,-0.0005,0.0265,336.68313116017765,39.267573186312966,70
7,0.6,0.998,-0.0005,0.0275,367.60257096017756,39.267573186312966,71
7,0.6,0.998,0.0,0.0255,338.58701754768026,39.267573186312966,70
7,0.6,0.998,0.0,0.0265,338.58701754768026,39.267573186312966,70
7,0.6,0.998,0.0,0.0275,368.24692484768013,39.267573186312966,71
7,0.6,0.9998,-0.001,0.0255,273.5984411601776,39.267573186312966,71
7,0.6,0.9998,-0.001,0.0265,273.5984411601776,39.267573186312966,71
7,0.6,0.9998,-0.001,0.0275,296.7718861601775,39.267573186312966,72
7,0.6,0.9998,-0.0005,0.0255,336.7819511601776,39.267573186312966,70
7,0.6,0.9998,-0.0005,0.0265,336.7819511601776,39.267573186312966,70
7,0.6,0.9998,-0.0005,0.0275,367.3032711601776,39.267573186312966,71
7,0.6,0.9998,0.0,0.0255,334.1913950476802,39.267573186312966,70
7,0.6,0.9998,0.0,0.0265,334.1913950476802,39.267573186312966,70
7,0.6,0.9998,0.0,0.0275,367.9476250476802,39.267573186312966,71
7,0.65,0.95,-0.001,0.0255,266.0562011124978,37.24146122500911,71
7,0.65,0.95,-0.001,0.0265,266.0562011124978,37.24146122500911,71
7,0.65,0.95,-0.001,0.0275,233.10173500000008,37.24146122500911,71
7,0.65,0.95,-0.0005,0.0255,328.8376161124977,37.24146122500911,70
7,0.65,0.95,-0.0005,0.0265,328.8376161124977,37.24146122500911,70
7,0.65,0.95,-0.0005,0.0275,283.32272250000005,37.24146122500911,70
7,0.65,0.95,0.0,0.0255,312.4020250000002,37.24146122500911,70
7,0.65,0.95,0.0,0.0265,312.4020250000002,37.24146122500911,70
7,0.65,0.95,0.0,0.0275,324.7987975000001,37.24146122500911,71
7,0.65,0.98,-0.001,0.0255,275.7533821524975,38.33123839473255,71
7,0.65,0.98,-0.001,0.0265,275.7533821524975,38.33123839473255,71
7,0.65,0.98,-0.001,0.0275,292.11721215249764,38.33123839473255,72
7,0.65,0.98,-0.0005,0.0255,338.73481465249756,38.33123839473255,70
7,0.65,0.98,-0.0005,0.0265,338.73481465249756,38.33123839473255,70
7,0.65,0.98,-0.0005,0.0275,359.3707046524977,38.33123839473255,71
7,0.65,0.98,0.0,0.0255,338.33492104000015,38.33123839473255,70
7,0.65,0.98,0.0,0.0265,338.33492104000015,38.33123839473255,70
7,0.65,0.98,0.0,0.0275,383.89061604000005,38.33123839473255,71
7,0.65,0.995,-0.001,0.0255,271.5435988001775,39.27916033806464,71
7,0.65,0.995,-0.001,0.0265,271.5435988001775,39.27916033806464,71
7,0.65,0.995,-0.001,0.0275,293.1973811001775,39.27916033806464,72
7,0.65,0.995,-0.0005,0.0255,335.41378630017766,39.27916033806464,70
7,0.65,0.995,-0.0005,0.0265,335.41378630017766,39.27916033806464,70
7,0.65,0.995,-0.0005,0.0275,363.2998986001775,39.27916033806464,71
7,0.65,0.995,0.0,0.0255,336.15696018768017,39.27916033806464,70
7,0.65,0.995,0.0,0.0265,336.15696018768017,39.27916033806464,70
7,0.65,0.995,0.0,0.0275,366.8832674876801,39.27916033806464,71
7,0.65,0.998,-0.001,0.0255,273.49962116017764,39.267573186312966,71
7,0.65,0.998,-0.001,0.0265,273.49962116017764,39.267573186312966,71
7,0.65,0.998,-0.001,0.0275,297.05289096017736,39.267573186312966,72
7,0.65,0.998,-0.0005,0.0255,336.68313116017765,39.267573186312966,70
7,0.65,0.998,-0.0005,0.0265,336.68313116017765,39.267573186312966,70
7,0.65,0.998,-0.0005,0.0275,367.60257096017756,39.267573186312966,71
7,0.65,0.998,0.0,0.0255,338.58701754768026,39.267573186312966,70
7,0.65,0.998,0.0,0.0265,338.58701754768026,39.267573186312966,70
7,0.65,0.998,0.0,0.0275,368.24692484768013,39.267573186312966,71
7,0.65,0.9998,-0.001,0.0255,273.5984411601776,39.267573186312966,71
7,0.65,0.9998,-0.001,0.0265,273.5984411601776,39.267573186312966,71
7,0.65,0.9998,-0.001,0.0275,296.7718861601775,39.267573186312966,72
7,0.65,0.9998,-0.0005,0.0255,336.7819511601776,39.267573186312966,70
7,0.65,0.9998,-0.0005,0.0265,336.7819511601776,39.267573186312966,70
7,0.65,0.9998,-0.0005,0.0275,367.3032711601776,39.267573186312966,71
7,0.65,0.9998,0.0,0.0255,334.1913950476802,39.267573186312966,70
7,0.65,0.9998,0.0,0.0265,334.1913950476802,39.267573186312966,70
7,0.65,0.9998,0.0,0.0275,367.9476250476802,39.267573186312966,71
8,0.55,0.95,-0.001,0.0255,486.70651858615486,29.104406097020235,75
8,0.55,0.95,-0.001,0.0265,486.70651858615486,29.104406097020235,75
8,0.55,0.95,-0.001,0.0275,504.88155520810477,28.95897072242769,75
8,0.55,0.95,-0.0005,0.0255,584.9866110747051,29.104406097020235,74
8,0.55,0.95,-0.0005,0.0265,584.9866110747051,29.104406097020235,74
8,0.55,0.95,-0.0005,0.0275,606.3110410338048,28.95897072242769,74
8,0.55,0.95,0.0,0.0255,588.7829324622077,29.108397120779074,74
8,0.55,0.95,0.0,0.0265,588.7829324622077,29.108397120779074,74
8,0.55,0.95,0.0,0.0275,594.6960524213075,29.539694604752835,74
8,0.55,0.98,-0.001,0.0255,510.1283354035249,29.41177152129909,75
8,0.55,0.98,-0.001,0.0265,510.1283354035249,29.41177152129909,75
8,0.55,0.98,-0.001,0.0275,505.0729309604798,29.980316331799962,75
8,0.55,0.98,-0.0005,0.0255,603.7224778920748,29.41177152129909,74
8,0.55,0.98,-0.0005,0.0265,603.7224778920748,29.41177152129909,74
8,0.55,0.98,-0.0005,0.0275,607.2929884490298,29.980316331799962,74
8,0.55,0.98,0.0,0.0255,587.9487226167274,29.662156543454916,74
8,0.55,0.98,0.0,0.0265,587.9487226167274,29.662156543454916,74
8,0.55,0.98,0.0,0.0275,606.0913273365326,30.08140735388857,74
8,0.55,0.995,-0.001,0.0255,517.9348084136901,32.27017475761297,75
8,0.55,0.995,-0.001,0.0265,517.9348084136901,32.27017475761297,75
8,0.55,0.995,-0.001,0.0275,536.3615992508401,32.584698675518645,75
8,0.55,0.995,-0.0005,0.0255,615.5956017393903,32.27017475761297,74
8,0.55,0.995,-0.0005,0.0265,615.5956017393903,32.27017475761297,74
8,0.55,0.995,-0.0005,0.0275,635.67312673939,32.584698675518645,74
8,0.55,0.995,0.0,0.0255,615.7329481268926,32.406411747315154,74
8,0.55,0.995,0.0,0.0265,615.7329481268926,32.406411747315154,74
8,0.55,0.995,0.0,0.0275,633.5184106268927,32.626461194408236,74
8,0.55,0.998,-0.001,0.0255,529.752661566155,32.23162309032507,75
8,0.55,0.998,-0.001,0.0265,529.752661566155,32.23162309032507,75
8,0.55,0.998,-0.001,0.0275,543.5621590252548,32.17407936603989,75
8,0.55,0.998,-0.0005,0.0255,644.5125990547048,32.23162309032507,74
8,0.55,0.998,-0.0005,0.0265,644.5125990547048,32.23162309032507,74
8,0.55,0.998,-0.0005,0.0275,647.9693065138049,32.17407936603989,74
8,0.55,0.998,0.0,0.0255,622.1983787793573,32.64972034987085,74
8,0.55,0.998,0.0,0.0265,622.1983787793573,32.64972034987085,74
8,0.55,0.998,0.0,0.0275,645.5657379013073,32.600909792730185,74
8,0.55,0.9998,-0.001,0.0255,532.5585984682997,32.34514980529015,75
8,0.55,0.9998,-0.001,0.0265,532.5585984682997,32.34514980529015,75
8,0.55,0.9998,-0.001,0.0275,545.6349481881051,32.39933520539937,75
8,0.55,0.9998,-0.0005,0.0255,646.68725345685,32.34514980529015,74
8,0.55,0.9998,-0.0005,0.0265,646.68725345685,32.34514980529015,74
8,0.55,0.9998,-0.0005,0.0275,648.160596513805,32.39933520539937,74
8,0.55,0.9998,0.0,0.0255,624.5111456815024,32.59255334484537,74
8,0.55,0.9998,0.0,0.0265,624.5111456815024,32.59255334484537,74
8,0.55,0.9998,0.0,0.0275,647.4812029013074,32.53898623904279,74
8,0.6,0.95,-0.001,0.0255,490.70888614340504,29.104406097020235,74
8,0.6,0.95,-0.001,0.0265,490.70888614340504,29.104406097020235,74
8,0.6,0.95,-0.001,0.0275,508.197245265355,28.95897072242769,74
8,0.6,0.95,-0.0005,0.0255,590.4620536434049,29.104406097020235,73
8,0.6,0.95,-0.0005,0.0265,590.4620536434049,29.104406097020235,73
8,0.6,0.95,-0.0005,0.0275,612.8543702653546,28.95897072242769,73
8,0.6,0.95,0.0,0.0255,592.8371575309075,29.108397120779074,73
8,0.6,0.95,0.0,0.0265,592.8371575309075,29.108397120779074,73
8,0.6,0.95,0.0,0.0275,598.4382191528573,29.539694604752835,73
8,0.6,0.98,-0.001,0.0255,514.4610562979249,29.41177152129909,74
8,0.6,0.98,-0.001,0.0265,514.4610562979249,29.41177152129909,74
8,0.6,0.98,-0.001,0.0275,509.9086585177299,29.980316331799962,74
8,0.6,0.98,-0.0005,0.0255,608.7427762979247,29.41177152129909,73
8,0.6,0.98,-0.0005,0.0265,608.7427762979247,29.41177152129909,73
8,0.6,0.98,-0.0005,0.0275,612.7076535177298,29.980316331799962,73
8,0.6,0.98,0.0,0.0255,592.7374876854273,29.662156543454916,73
8,0.6,0.98,0.0,0.0265,592.7374876854273,29.662156543454916,73
8,0.6,0.98,0.0,0.0275,611.3888774052324,30.08140735388857,73
8,0.6,0.995,-0.001,0.0255,523.2153076452402,32.27017475761297,74
8,0.6,0.995,-0.001,0.0265,523.2153076452402,32.27017475761297,74
8,0.6,0.995,-0.001,0.0275,540.72388764524,32.584698675518645,74
8,0.6,0.995,-0.0005,0.0255,623.17944514524,32.27017475761297,73
8,0.6,0.995,-0.0005,0.0265,623.17944514524,32.27017475761297,73
8,0.6,0.995,-0.0005,0.0275,642.6907951452399,32.584698675518645,73
8,0.6,0.995,0.0,0.0255,623.3167915327424,32.406411747315154,73
8,0.6,0.995,0.0,0.0265,623.3167915327424,32.406411747315154,73
8,0.6,0.995,0.0,0.0275,638.4725515327426,32.626461194408236,73
8,0.6,0.998,-0.001,0.0255,534.168590797705,32.23162309032507,74
8,0.6,0.998,-0.001,0.0265,534.168590797705,32.23162309032507,74
8,0.6,0.998,-0.001,0.0275,549.2846449196549,32.17407936603989,74
8,0.6,0.998,-0.0005,0.0255,649.679978297705,32.23162309032507,73
8,0.6,0.998,-0.0005,0.0265,649.679978297705,32.23162309032507,73
8,0.6,0.998,-0.0005,0.0275,653.6579874196549,32.17407936603989,73
8,0.6,0.998,0.0,0.0255,626.9929221852072,32.64972034987085,73
8,0.6,0.998,0.0,0.0265,626.9929221852072,32.64972034987085,73
8,0.6,0.998,0.0,0.0275,650.5381738071572,32.600909792730185,73
8,0.6,0.9998,-0.001,0.0255,537.1045576998497,32.34514980529015,74
8,0.6,0.9998,-0.001,0.0265,537.1045576998497,32.34514980529015,74
8,0.6,0.9998,-0.001,0.0275,550.9154474196552,32.39933520539937,74
8,0.6,0.9998,-0.0005,0.0255,651.85463269985,32.34514980529015,73
8,0.6,0.9998,-0.0005,0.0265,651.85463269985,32.34514980529015,73
8,0.6,0.9998,-0.0005,0.0275,653.8675724196552,32.39933520539937,73
8,0.6,0.9998,0.0,0.0255,628.7969040873525,32.59255334484537,73
8,0.6,0.9998,0.0,0.0265,628.7969040873525,32.59255334484537,73
8,0.6,0.9998,0.0,0.0275,653.2869988071576,32.53898623904279,73
8,0.65,0.95,-0.001,0.0255,490.70888614340504,29.104406097020235,74
8,0.65,0.95,-0.001,0.0265,490.70888614340504,29.104406097020235,74
8,0.65,0.95,-0.001,0.0275,508.197245265355,28.95897072242769,74
8,0.65,0.95,-0.0005,0.0255,590.4620536434049,29.104406097020235,73
8,0.65,0.95,-0.0005,0.0265,590.4620536434049,29.104406097020235,73
8,0.65,0.95,-0.0005,0.0275,612.8543702653546,28.95897072242769,73
8,0.65,0.95,0.0,0.0255,592.8371575309075,29.108397120779074,73
8,0.65,0.95,0.0,0.0265,592.8371575309075,29.108397120779074,73
8,0.65,0.95,0.0,0.0275,598.4382191528573,29.539694604752835,73
8,0.65,0.98,-0.001,0.0255,514.4610562979249,29.41177152129909,74
8,0.65,0.98,-0.001,0.0265,514.4610562979249,29.41177152129909,74
8,0.65,0.98,-0.001,0.0275,509.9086585177299,29.980316331799962,74
8,0.65,0.98,-0.0005,0.0255,608.7427762979247,29.41177152129909,73
8,0.65,0.98,-0.0005,0.0265,608.7427762979247,29.41177152129909,73
8,0.65,0.98,-0.0005,0.0275,612.7076535177298,29.980316331799962,73
8,0.65,0.98,0.0,0.0255,592.7374876854273,29.662156543454916,73
8,0.65,0.98,0.0,0.0265,592.7374876854273,29.662156543454916,73
8,0.65,0.98,0.0,0.0275,611.3888774052324,30.08140735388857,73
8,0.65,0.995,-0.001,0.0255,523.2153076452402,32.27017475761297,74
8,0.65,0.995,-0.001,0.0265,523.2153076452402,32.27017475761297,74
8,0.65,0.995,-0.001,0.0275,540.72388764524,32.584698675518645,74
8,0.65,0.995,-0.0005,0.0255,623.17944514524,32.27017475761297,73
8,0.65,0.995,-0.0005,0.0265,623.17944514524,32.27017475761297,73
8,0.65,0.995,-0.0005,0.0275,642.6907951452399,32.584698675518645,73
8,0.65,0.995,0.0,0.0255,623.3167915327424,32.406411747315154,73
8,0.65,0.995,0.0,0.0265,623.3167915327424,32.406411747315154,73
8,0.65,0.995,0.0,0.0275,638.4725515327426,32.626461194408236,73
8,0.65,0.998,-0.001,0.0255,534.168590797705,32.23162309032507,74
8,0.65,0.998,-0.001,0.0265,534.168590797705,32.23162309032507,74
8,0.65,0.998,-0.001,0.0275,549.2846449196549,32.17407936603989,74
8,0.65,0.998,-0.0005,0.0255,649.679978297705,32.23162309032507,73
8,0.65,0.998,-0.0005,0.0265,649.679978297705,32.23162309032507,73
8,0.65,0.998,-0.0005,0.0275,653.6579874196549,32.17407936603989,73
8,0.65,0.998,0.0,0.0255,626.9929221852072,32.64972034987085,73
8,0.65,0.998,0.0,0.0265,626.9929221852072,32.64972034987085,73
8,0.65,0.998,0.0,0.0275,650.5381738071572,32.600909792730185,73
8,0.65,0.9998,-0.001,0.0255,537.1045576998497,32.34514980529015,74
8,0.65,0.9998,-0.001,0.0265,537.1045576998497,32.34514980529015,74
8,0.65,0.9998,-0.001,0.0275,550.9154474196552,32.39933520539937,74
8,0.65,0.9998,-0.0005,0.0255,651.85463269985,32.34514980529015,73
8,0.65,0.9998,-0.0005,0.0265,651.85463269985,32.34514980529015,73
8,0.65,0.9998,-0.0005,0.0275,653.8675724196552,32.39933520539937,73
8,0.65,0.9998,0.0,0.0255,628.7969040873525,32.59255334484537,73
8,0.65,0.9998,0.0,0.0265,628.7969040873525,32.59255334484537,73
8,0.65,0.9998,0.0,0.0275,653.2869988071576,32.53898623904279,73
